"id","classification_code","classification_name","classification_group","useful_life_years","is_active","triage_category","recommended_account_code_primary","recommended_account_code_secondary","recommended_action","mapped_account_code","mapper_notes"
"733","","Academic Affairs Building","","","active","likely_building_structure","1.06.04.010.00","1.06.10.030.00","Choose Buildings (completed) or CIP Buildings/Structures (in-progress)","1.06.04.010.00","User map: Building"
"948","","Accounting Building Phase II","","","active","project_like","REVIEW-CANONICAL-FIRST","1.06.10.020.00 or 1.06.10.030.00","Map to canonical class then deactivate project-like label","1.06.04.020.00","User map: School Building"
"949","","Accounting Building Phase III with Extra Work","","","active","project_like","REVIEW-CANONICAL-FIRST","1.06.10.020.00 or 1.06.10.030.00","Map to canonical class then deactivate project-like label","1.06.04.020.00","User map: School Building"
"732","","Administration Building","","","active","likely_building_structure","1.06.04.010.00","1.06.10.030.00","Choose Buildings (completed) or CIP Buildings/Structures (in-progress)","1.06.04.010.00","User map: Building"
"956","","Architechture Building (refurbishment)","","","active","project_like","REVIEW-CANONICAL-FIRST","1.06.10.020.00 or 1.06.10.030.00","Map to canonical class then deactivate project-like label","1.06.04.020.00","User map: School Building"
"946","","Architecture Building & Finishing","","","active","likely_building_structure","1.06.04.010.00","1.06.10.030.00","Choose Buildings (completed) or CIP Buildings/Structures (in-progress)","1.06.04.020.00","User map: School Building"
"735","","BDA Building","","","active","likely_building_structure","1.06.04.010.00","1.06.10.030.00","Choose Buildings (completed) or CIP Buildings/Structures (in-progress)","1.06.04.010.00","User map: Building"
"959","","CEA Building-Annex","","","active","likely_building_structure","1.06.04.010.00","1.06.10.030.00","Choose Buildings (completed) or CIP Buildings/Structures (in-progress)","1.06.04.020.00","User map: School Building"
"903","","College Dormitory","","","active","likely_building_structure","1.06.04.010.00","1.06.10.030.00","Choose Buildings (completed) or CIP Buildings/Structures (in-progress)","1.06.04.990.00","User map: Other Structure"
"904","","College Grandstand","","","active","likely_building_structure","1.06.04.010.00","1.06.10.030.00","Choose Buildings (completed) or CIP Buildings/Structures (in-progress)","1.06.04.990.00","User map: Other Structure"
"958","","College Gym (Refurbishment of Paghiusa Hall)","","","active","project_like","REVIEW-CANONICAL-FIRST","1.06.10.020.00 or 1.06.10.030.00","Map to canonical class then deactivate project-like label","1.06.04.020.00","User map: School Building"
"906","","Comfort Room & Powder Room","","","active","likely_catalog_item","MANUAL-BY-ITEM","","Map directly based on actual item nature","1.06.04.990.00","User map: Other Structure"
"960","","Construction of CEA Building-Annex (Contiguous)","","","active","project_like","REVIEW-CANONICAL-FIRST","1.06.10.020.00 or 1.06.10.030.00","Map to canonical class then deactivate project-like label","1.06.04.020.00","User map: School Building"
"916","","Construction of Covered Walkway Libertad Extension Campus","","","active","project_like","REVIEW-CANONICAL-FIRST","1.06.10.020.00 or 1.06.10.030.00","Map to canonical class then deactivate project-like label","1.06.04.990.00","User map: Other Structure"
"918","","Construction of Motor Pool","","","active","project_like","REVIEW-CANONICAL-FIRST","1.06.10.020.00 or 1.06.10.030.00","Map to canonical class then deactivate project-like label","1.06.04.990.00","User map: Other Structure"
"919","","Construction of Motor Pool Phase II","","","active","project_like","REVIEW-CANONICAL-FIRST","1.06.10.020.00 or 1.06.10.030.00","Map to canonical class then deactivate project-like label","1.06.04.990.00","User map: Other Structure"
"920","","Construction of Multi-Purpose Stage @ Libertad Campus","","","active","project_like","REVIEW-CANONICAL-FIRST","1.06.10.020.00 or 1.06.10.030.00","Map to canonical class then deactivate project-like label","1.06.04.990.00","User map: Other Structure"
"923","","Construction of Phase II of Multi-Purpose Stage with Canal","","","active","project_like","REVIEW-CANONICAL-FIRST","1.06.10.020.00 or 1.06.10.030.00","Map to canonical class then deactivate project-like label","1.06.04.990.00","User map: Other Structure"
"819","","Construction of road network (pool area)","","","active","project_like","REVIEW-CANONICAL-FIRST","1.06.10.020.00 or 1.06.10.030.00","Map to canonical class then deactivate project-like label","1.06.02.990.00","User map: Land & Land Improvement"
"749","","Construction Of ROTC Office","","","active","project_like","REVIEW-CANONICAL-FIRST","1.06.10.020.00 or 1.06.10.030.00","Map to canonical class then deactivate project-like label","1.06.04.010.00","User map: Building"
"921","","Construction of Traditional Knowledge cum Evacuation Center Phase V (dressing Areaa & Comfort rooms)","","","active","project_like","REVIEW-CANONICAL-FIRST","1.06.10.020.00 or 1.06.10.030.00","Map to canonical class then deactivate project-like label","1.06.04.990.00","User map: Other Structure"
"1027","","Construction of Water System of UA-Caluya Extension","","","active","project_like","REVIEW-CANONICAL-FIRST","1.06.10.020.00 or 1.06.10.030.00","Map to canonical class then deactivate project-like label","1.06.03.040.00","User map: Water Supply System"
"1029","","Construction of Water Tank and Looping of Existing Waterline in the University","","","active","project_like","REVIEW-CANONICAL-FIRST","1.06.10.020.00 or 1.06.10.030.00","Map to canonical class then deactivate project-like label","1.06.03.040.00","User map: Water Supply System"
"737","","Covered Gym (Cultural Center)","","","active","likely_building_structure","1.06.04.010.00","1.06.10.030.00","Choose Buildings (completed) or CIP Buildings/Structures (in-progress)","1.06.04.010.00","User map: Building"
"736","","Dojo Hall & Fitness Center-Phase 1","","","active","project_like","REVIEW-CANONICAL-FIRST","1.06.10.020.00 or 1.06.10.030.00","Map to canonical class then deactivate project-like label","1.06.04.010.00","User map: Building"
"745","","DOJO Hall and Fitness Center (completion/Phase 2)","","","active","project_like","REVIEW-CANONICAL-FIRST","1.06.10.020.00 or 1.06.10.030.00","Map to canonical class then deactivate project-like label","1.06.04.010.00","User map: Building"
"813","","Drainage System","","","active","likely_infrastructure","1.06.03.100.00","1.06.10.020.00","Choose Infrastructure (completed) or CIP Infrastructure (in-progress)","1.06.02.990.00","User map: Land & Land Improvement"
"744","","E-Bamboo Production Center w/ Extra Work","","","active","project_like","REVIEW-CANONICAL-FIRST","1.06.10.020.00 or 1.06.10.030.00","Map to canonical class then deactivate project-like label","1.06.04.010.00","User map: Building"
"939","","E-Building","","","active","likely_building_structure","1.06.04.010.00","1.06.10.030.00","Choose Buildings (completed) or CIP Buildings/Structures (in-progress)","1.06.04.020.00","User map: School Building"
"944","","Eng'g. Science Bldg.","","","active","likely_catalog_item","MANUAL-BY-ITEM","","Map directly based on actual item nature","1.06.04.020.00","User map: School Building"
"812","","Entrance of Physical Health Wellness Facility","","","active","likely_catalog_item","MANUAL-BY-ITEM","","Map directly based on actual item nature","1.06.02.990.00","User-confirmed: Land & land improvement"
"902","","Executive House (Cottage)","","","active","likely_building_structure","1.06.04.010.00","1.06.10.030.00","Choose Buildings (completed) or CIP Buildings/Structures (in-progress)","1.06.02.990.00","User map: Land & Land Improvement"
"750","","Female Dormitory","","","active","likely_building_structure","1.06.04.010.00","1.06.10.030.00","Choose Buildings (completed) or CIP Buildings/Structures (in-progress)","1.06.04.010.00","User map: Building"
"809","","Fence","","","active","likely_infrastructure","1.06.03.100.00","1.06.10.020.00","Choose Infrastructure (completed) or CIP Infrastructure (in-progress)","1.06.02.990.00","User map: Land & Land Improvement"
"909","","Flagpole","","","active","likely_catalog_item","MANUAL-BY-ITEM","","Map directly based on actual item nature","1.06.04.990.00","User map: Other Structure"
"911","","Grand Stand-UA Field","","","active","likely_catalog_item","MANUAL-BY-ITEM","","Map directly based on actual item nature","1.06.04.990.00","User map: Other Structure"
"951","","HRM & Tourism Lab. Phase III (Hot & Cold Kitchen)","","","active","project_like","REVIEW-CANONICAL-FIRST","1.06.10.020.00 or 1.06.10.030.00","Map to canonical class then deactivate project-like label","1.06.04.020.00","User map: School Building"
"739","","HRM & Tourism Lab. Phase-1","","","active","project_like","REVIEW-CANONICAL-FIRST","1.06.10.020.00 or 1.06.10.030.00","Map to canonical class then deactivate project-like label","1.06.04.010.00","User map: Building"
"945","","Integrated ICT Learning Resource Dev't Center -Phase-1","","","active","project_like","REVIEW-CANONICAL-FIRST","1.06.10.020.00 or 1.06.10.030.00","Map to canonical class then deactivate project-like label","1.06.04.020.00","User map: School Building"
"947","","Integrated ICT Learning Resource Dev't Center -Phase-2 w/ Extra Work","","","active","project_like","REVIEW-CANONICAL-FIRST","1.06.10.020.00 or 1.06.10.030.00","Map to canonical class then deactivate project-like label","1.06.04.020.00","User map: School Building"
"950","","Integrated ICT Learning Resource Dev't.Center Phase-III","","","active","project_like","REVIEW-CANONICAL-FIRST","1.06.10.020.00 or 1.06.10.030.00","Map to canonical class then deactivate project-like label","1.06.04.020.00","User map: School Building"
"738","","Knowledge Dev't & Record Management Center (Phase-1)","","","active","project_like","REVIEW-CANONICAL-FIRST","1.06.10.020.00 or 1.06.10.030.00","Map to canonical class then deactivate project-like label","1.06.04.010.00","User map: Building"
"748","","Knowledge Dev't & Record Management Center (Phase-2)","","","active","project_like","REVIEW-CANONICAL-FIRST","1.06.10.020.00 or 1.06.10.030.00","Map to canonical class then deactivate project-like label","1.06.04.010.00","User map: Building"
"816","","Land Improvement form Architecture Building to Gate 3 (Provision for Pathwalk)","","","active","likely_infrastructure","1.06.03.100.00","1.06.10.020.00","Choose Infrastructure (completed) or CIP Infrastructure (in-progress)","1.06.02.990.00","User map: Land & Land Improvement"
"817","","Landscaping of Old GEB Lawn","","","active","likely_catalog_item","MANUAL-BY-ITEM","","Map directly based on actual item nature","1.06.02.990.00","User map: Land & Land Improvement"
"936","","Lib. & Academic Affairs Bldg.","","","active","likely_catalog_item","MANUAL-BY-ITEM","","Map directly based on actual item nature","1.06.04.020.00","User map: School Building"
"952","","Library - Libertad Exension","","","active","likely_catalog_item","MANUAL-BY-ITEM","","Map directly based on actual item nature","1.06.04.020.00","User map: School Building"
"740","","Male Dormitory (original & contigouos contract)","","","active","likely_building_structure","1.06.04.010.00","1.06.10.030.00","Choose Buildings (completed) or CIP Buildings/Structures (in-progress)","1.06.04.010.00","User map: Building"
"940","","Mock Bridge","","","active","likely_infrastructure","1.06.03.100.00","1.06.10.020.00","Choose Infrastructure (completed) or CIP Infrastructure (in-progress)","1.06.04.020.00","User map: School Building"
"937","","New Gen. Education Bldg.","","","active","likely_catalog_item","MANUAL-BY-ITEM","","Map directly based on actual item nature","1.06.04.020.00","User map: School Building"
"941","","Old General Education Bldg.","","","active","likely_catalog_item","MANUAL-BY-ITEM","","Map directly based on actual item nature","1.06.04.020.00","User map: School Building"
"953","","Old General Education Building, Repair Phase II (Architectural design & retrofittin/facelifting)","","","active","project_like","REVIEW-CANONICAL-FIRST","1.06.10.020.00 or 1.06.10.030.00","Map to canonical class then deactivate project-like label","1.06.04.020.00","User map: School Building"
"938","","Old Science Building","","","active","likely_building_structure","1.06.04.010.00","1.06.10.030.00","Choose Buildings (completed) or CIP Buildings/Structures (in-progress)","1.06.04.020.00","User map: School Building"
"912","","Pavement of Quadrangle-caluya","","","active","likely_infrastructure","1.06.03.100.00","1.06.10.020.00","Choose Infrastructure (completed) or CIP Infrastructure (in-progress)","1.06.04.990.00","User map: Other Structure"
"922","","Payment for the Construction of Powerhouse for Generator Set NO.2","","","active","project_like","REVIEW-CANONICAL-FIRST","1.06.10.020.00 or 1.06.10.030.00","Map to canonical class then deactivate project-like label","1.06.04.990.00","User map: Other Structure"
"811","","Physical Health & Wellness Facility","","","active","likely_catalog_item","MANUAL-BY-ITEM","","Map directly based on actual item nature","1.06.02.990.00","User map: Land & Land Improvement"
"1028","","Realignment of Waterline System","","","active","project_like","REVIEW-CANONICAL-FIRST","1.06.10.020.00 or 1.06.10.030.00","Map to canonical class then deactivate project-like label","1.06.03.040.00","User map: Water Supply System"
"1078","CLS-2026-0604","Refrigerator","semi_expendable","","active","likely_catalog_item","MANUAL-BY-ITEM","","Map directly based on actual item nature","1.06.05.990.00","User map: Other Machinery & equipment"
"814","","Rehab of UA drainage (side of Covered Gym) 2nd payment","","","active","project_like","REVIEW-CANONICAL-FIRST","1.06.10.020.00 or 1.06.10.030.00","Map to canonical class then deactivate project-like label","1.06.02.990.00","User map: Land & Land Improvement"
"962","","Repair of Roofing and Ceiling with Electrical Rewiring at E-Building","","","active","project_like","REVIEW-CANONICAL-FIRST","1.06.10.020.00 or 1.06.10.030.00","Map to canonical class then deactivate project-like label","1.06.04.020.00","User map: School Building"
"1030","","Repair of water systen","","","active","project_like","REVIEW-CANONICAL-FIRST","1.06.10.020.00 or 1.06.10.030.00","Map to canonical class then deactivate project-like label","1.06.03.040.00","User map normalized: Water Supply System"
"741","","Research Resource Development Center","","","active","likely_building_structure","1.06.04.010.00","1.06.10.030.00","Choose Buildings (completed) or CIP Buildings/Structures (in-progress)","1.06.04.010.00","User map: Building"
"901","","Reservoir","","","active","likely_infrastructure","1.06.03.100.00","1.06.10.020.00","Choose Infrastructure (completed) or CIP Infrastructure (in-progress)","1.06.04.990.00","User map: Other Structure"
"810","","Roadway","","","active","likely_infrastructure","1.06.03.100.00","1.06.10.020.00","Choose Infrastructure (completed) or CIP Infrastructure (in-progress)","1.06.02.990.00","User map: Land & Land Improvement"
"954","","Science and Technology Laburatory @ UA Caluya Extension Campus with contiquous","","","active","project_like","REVIEW-CANONICAL-FIRST","1.06.10.020.00 or 1.06.10.030.00","Map to canonical class then deactivate project-like label","1.06.04.020.00","User map: School Building"
"910","","Stage","","","active","likely_building_structure","1.06.04.010.00","1.06.10.030.00","Choose Buildings (completed) or CIP Buildings/Structures (in-progress)","1.06.04.990.00","User map: Other Structure"
"746","","Student and Personnel Services Center Phase 1","","","active","project_like","REVIEW-CANONICAL-FIRST","1.06.10.020.00 or 1.06.10.030.00","Map to canonical class then deactivate project-like label","1.06.04.010.00","User map: Building"
"905","","Student Comfort Room","","","active","likely_catalog_item","MANUAL-BY-ITEM","","Map directly based on actual item nature","1.06.04.990.00","User map: Other Structure"
"734","","Supply Building","","","active","likely_building_structure","1.06.04.010.00","1.06.10.030.00","Choose Buildings (completed) or CIP Buildings/Structures (in-progress)","1.06.04.010.00","User map: Building"
"942","","Tech & Livelihood Resource Center Bldg. w/ Extra Work","","","active","project_like","REVIEW-CANONICAL-FIRST","1.06.10.020.00 or 1.06.10.030.00","Map to canonical class then deactivate project-like label","1.06.04.020.00","User map: School Building"
"955","","Technology Building - Refurbishment of COT Faculty Office, Ground Floor Hallway and Classrooms @ second floor and repainting","","","active","project_like","REVIEW-CANONICAL-FIRST","1.06.10.020.00 or 1.06.10.030.00","Map to canonical class then deactivate project-like label","1.06.04.020.00","User map: School Building"
"742","","Terracotta Production Center Phase I","","","active","project_like","REVIEW-CANONICAL-FIRST","1.06.10.020.00 or 1.06.10.030.00","Map to canonical class then deactivate project-like label","1.06.04.010.00","User map: Building"
"743","","Terracotta Production Center Phase II w/ Extra Work","","","active","project_like","REVIEW-CANONICAL-FIRST","1.06.10.020.00 or 1.06.10.030.00","Map to canonical class then deactivate project-like label","1.06.04.010.00","User map normalized: Building"
"823","","Title No. N-4808","","","active","project_like","REVIEW-CANONICAL-FIRST","1.06.10.020.00 or 1.06.10.030.00","Map to canonical class then deactivate project-like label","1.06.01.010.00","User map: Land"
"824","","Title No. N-4809","","","active","project_like","REVIEW-CANONICAL-FIRST","1.06.10.020.00 or 1.06.10.030.00","Map to canonical class then deactivate project-like label","1.06.01.010.00","User map: Land"
"825","","Title No. N-4810","","","active","project_like","REVIEW-CANONICAL-FIRST","1.06.10.020.00 or 1.06.10.030.00","Map to canonical class then deactivate project-like label","1.06.01.010.00","User map: Land"
"826","","Title No. N-4811","","","active","project_like","REVIEW-CANONICAL-FIRST","1.06.10.020.00 or 1.06.10.030.00","Map to canonical class then deactivate project-like label","1.06.01.010.00","User map: Land"
"827","","Title No. N-4812","","","active","project_like","REVIEW-CANONICAL-FIRST","1.06.10.020.00 or 1.06.10.030.00","Map to canonical class then deactivate project-like label","1.06.01.010.00","User map: Land"
"828","","Title No. N-4813","","","active","project_like","REVIEW-CANONICAL-FIRST","1.06.10.020.00 or 1.06.10.030.00","Map to canonical class then deactivate project-like label","1.06.01.010.00","User map: Land"
"829","","Title No. N-4814","","","active","project_like","REVIEW-CANONICAL-FIRST","1.06.10.020.00 or 1.06.10.030.00","Map to canonical class then deactivate project-like label","1.06.01.010.00","User map: Land"
"830","","Title No. N-4826","","","active","project_like","REVIEW-CANONICAL-FIRST","1.06.10.020.00 or 1.06.10.030.00","Map to canonical class then deactivate project-like label","1.06.01.010.00","User map: Land"
"831","","Title No. N-5641","","","active","project_like","REVIEW-CANONICAL-FIRST","1.06.10.020.00 or 1.06.10.030.00","Map to canonical class then deactivate project-like label","1.06.01.010.00","User map: Land"
"907","","TLRC Gate & Guard House","","","active","likely_building_structure","1.06.04.010.00","1.06.10.030.00","Choose Buildings (completed) or CIP Buildings/Structures (in-progress)","1.06.04.990.00","User map: Other Structure"
"913","","Traditional Knowledge Center-Phase II (Stage)","","","active","project_like","REVIEW-CANONICAL-FIRST","1.06.10.020.00 or 1.06.10.030.00","Map to canonical class then deactivate project-like label","1.06.04.990.00","User map: Other Structure"
"914","","Traditional Knowledge Center-Phase III (Stage)","","","active","project_like","REVIEW-CANONICAL-FIRST","1.06.10.020.00 or 1.06.10.030.00","Map to canonical class then deactivate project-like label","1.06.04.990.00","User map: Other Structure"
"915","","Traditional Knowledge Center-Phase IV (Stage)","","","active","project_like","REVIEW-CANONICAL-FIRST","1.06.10.020.00 or 1.06.10.030.00","Map to canonical class then deactivate project-like label","1.06.04.990.00","User map: Other Structure"
"536","CLS-2026-0536","Water Dispenser","semi_expendable","3","active","likely_catalog_item","MANUAL-BY-ITEM","","Map directly based on actual item nature","1.06.05.990.00","User map: Other Machinery & equipment"
