id,batch_id,account_code,account_name,property_number,classification_name,item_description,brand,model,serial_no,qty_physical_count,qty_property_card,unit_cost,line_total,acquisition_date,office_name
19063,14,1.06.05.020.00,"Office Equipment",2005-01-00.000-0001-000,"Photocopier Machine","Gestetner MP 2001L; Model: D16029308; SN: E343M850304",Gestetner,D16029308,E343M850304,1,1,58000.00,58000.00,2005-07-05,
19064,14,1.06.05.020.00,"Office Equipment",2025-01-00.000-0110-000,"Safety Vault","Defender; Model 3016-B",Defender,3016-B,,1,1,82000.00,82000.00,2025-01-01,
19065,14,1.06.05.020.00,"Office Equipment",2025-01-00.000-0111-000,Aircon,"Samsung; 2.5HP Wall Mounted Inverter SN: Q0E4PDBCA00033A, Q0PNPDCD900106W",Samsung,Inverter,Q0E4PDBCA00033A,1,1,118196.00,118196.00,2025-01-01,
19066,14,1.06.05.020.00,"Office Equipment",2025-01-00.000-0112-000,Aircon,"5 tonner (Carrier) SN: 0469157",Carrier,"5 Tonner",0469157,1,1,124900.00,124900.00,2025-01-01,
19067,14,1.06.05.020.00,"Office Equipment",2025-01-00.000-0113-000,Aircon,"5 tonner (Carrier) SN: 0469068",Carrier,"5 Tonner",0469068,1,1,124900.00,124900.00,2025-01-01,
19068,14,1.06.05.020.00,"Office Equipment",2025-01-00.000-0114-000,Aircon,"5 tonner (Carrier) SN: 0469092",Carrier,"5 Tonner",0469092,1,1,124900.00,124900.00,2025-01-01,
19069,14,1.06.05.020.00,"Office Equipment",2025-01-00.000-0115-000,Aircon,"5 tonner (Carrier) SN: 0469097",Carrier,"5 Tonner",0469097,1,1,124900.00,124900.00,2025-01-01,
19070,14,1.06.05.020.00,"Office Equipment",2025-01-00.000-0116-000,Aircon,"5 tonner (Carrier) SN: 0469036",Carrier,"5 Tonner",0469036,1,1,124900.00,124900.00,2025-01-01,
19071,14,1.06.05.020.00,"Office Equipment",2025-01-00.000-0117-000,"Photocopier Machine","with ARDF; Gestetner MP2014AD SN: G618M550097",Gestetner,MP2014AD,G618M550097,1,1,54500.00,54500.00,2025-01-01,
19072,14,1.06.05.020.00,"Office Equipment",2025-01-00.000-0118-000,"Photocopier Machine","with ARDF; Gestetner MP2014AD SN: G618M550098",Gestetner,MP2014AD,G618M550098,1,1,54500.00,54500.00,2025-01-01,
19073,14,1.06.05.020.00,"Office Equipment",2025-01-00.000-0119-000,"Photocopier Machine","with ARDF; Gestetner MP2014AD SN: G617M950034",Gestetner,MP2014AD,G617M950034,1,1,54500.00,54500.00,2025-01-01,
19074,14,1.06.05.020.00,"Office Equipment",2025-01-00.000-0120-000,"Photocopier Machine","with ARDF; Gestetner MP2014AD SN: G617M950386",Gestetner,MP2014AD,G617M950386,1,1,54500.00,54500.00,2025-01-01,
19075,14,1.06.05.020.00,"Office Equipment",2025-01-00.000-0121-000,"Photocopier Machine","with ARDF; Gestetner MP2014AD SN: G618M550094",Gestetner,MP2014AD,G618M550094,1,1,54500.00,54500.00,2025-01-01,
19076,14,1.06.05.020.00,"Office Equipment",2025-01-00.000-0122-000,"Photocopier Machine","with ARDF; Gestetner MP2001L SN: E346M550018",Gestetner,MP2001L,E346M550018,1,1,79000.00,79000.00,2025-01-01,
19077,14,1.06.05.020.00,"Office Equipment",2025-01-00.000-0123-000,"Photocopier Machine","with ARDF; Gestetner MP2014AD SN: G617M750155",Gestetner,MP2014AD,G617M750155,1,1,54500.00,54500.00,2025-01-01,
19078,14,1.06.05.020.00,"Office Equipment",2025-01-00.000-0006-013,Airconditioner,"3 ton; floor mounted; Kolin, Outdoor: 20221805-14144; Indoor: 20211801-13643",Kolin,20221805-14144,"20221805-14144 / 20211801-13643",1,1,84650.00,84650.00,2025-01-01,"College of Computer Studies"
19079,14,1.06.05.020.00,"Office Equipment",2025-01-00.000-0007-013,Airconditioner,"3 ton; floor mounted; Kolin, Outdoor: SN: 20221805-14147; Indoor: 20211806-14435",Kolin,SN,"20221805-14147 / 20211806-14435",1,1,84650.00,84650.00,2025-01-01,"College of Computer Studies"
19080,14,1.06.05.020.00,"Office Equipment",2025-01-00.000-0008-013,Airconditioner,"3 ton; floor mounted; Kolin, Outdoor: SN: 20221805-13796 Indoor: 20211801-13739",Kolin,SN,"20221805-13796 / 20211801-13739",1,1,84650.00,84650.00,2025-01-01,"College of Computer Studies"
19081,14,1.06.05.020.00,"Office Equipment",2025-01-00.000-0124-000,Aircon,"Wall Mounted-DAIKIN 2.5 HP SN: E012583",Wall,HP,E012583,1,1,53900.00,53900.00,2025-01-01,
19082,14,1.06.05.020.00,"Office Equipment",2025-01-00.000-0125-000,Aircon,"Wall Mounted-DAIKIN 2.5 HP SN: E009159",Wall,HP,E009159,1,1,53900.00,53900.00,2025-01-01,
19083,14,1.06.05.020.00,"Office Equipment",2025-01-00.000-0126-000,Aircon,"Wall Mounted-DAIKIN 2.5 HP SN: E012502",Wall,HP,E012502,1,1,53900.00,53900.00,2025-01-01,
19084,14,1.06.05.020.00,"Office Equipment",2025-01-00.000-0127-000,Aircon,"Wall Mounted-DAIKIN 2.5 HP SN: E010708",Wall,HP,E010708,1,1,53900.00,53900.00,2025-01-01,
19085,14,1.06.05.020.00,"Office Equipment",2025-01-00.000-0001-028,Aircon,"5 tonner; split type; floor mounted; Koppel SN: KL273089",Koppel,Koppel,KL273089,1,1,103320.00,103320.00,2025-01-01,"Laboratory High School"
19086,14,1.06.05.020.00,"Office Equipment",2025-01-00.000-0023-021,Aircon,"split type 3 tonner; Kolin SN: 20211807-15269",Kolin,Kolin,20211807-15269,1,1,76100.00,76100.00,2025-01-01,"College of Maritime Studies"
19087,14,1.06.05.020.00,"Office Equipment",2018-01-00.000-0001-021,Aircon,"split type 3 tonner; Kolin SN: 20211807-15282",Kolin,Kolin,20211807-15282,1,1,76100.00,76100.00,2018-12-05,"College of Maritime Studies"
19088,14,1.06.05.020.00,"Office Equipment",2025-01-00.000-0024-021,Aircon,"split type 3 tonner; Kolin SN: 20211807-15277",Kolin,Kolin,20211807-15277,1,1,76100.00,76100.00,2025-01-01,"College of Maritime Studies"
19089,14,1.06.05.020.00,"Office Equipment",2025-01-00.000-0025-021,Aircon,"split type 3 tonner; Kolin SN: 20211806-14244",Kolin,Kolin,20211806-14244,1,1,76100.00,76100.00,2025-01-01,"College of Maritime Studies"
19090,14,1.06.05.020.00,"Office Equipment",2025-01-00.000-0009-013,Aircon,"5 tonner, split type; floor mounted; Koppel SN: KL273088",Koppel,Koppel,KL273088,1,1,103320.00,103320.00,2025-01-01,"College of Computer Studies"
19091,14,1.06.05.020.00,"Office Equipment",2025-01-00.000-0010-013,Aircon,"6 tonner, split type; floor mounted; Koppel SN: LL323286",Koppel,Koppel,LL323286,1,1,103320.00,103320.00,2025-01-01,"College of Computer Studies"
19092,14,1.06.05.020.00,"Office Equipment",2025-01-00.000-0011-013,"Television Set","LED 50"" Smart TV; LG 50UK 6300 PTE SN: 807INJL4Z228",LG,"50UK 6300 PTE",807INJL4Z228,1,1,54990.00,54990.00,2025-01-01,"College of Computer Studies"
19093,14,1.06.05.020.00,"Office Equipment",2025-01-00.000-0012-013,"Television Set","LED 50"" Smart TV; LG 50UK 6300 PTE SN: 805INGQ1D216",LG,"50UK 6300 PTE",805INGQ1D216,1,1,54990.00,54990.00,2025-01-01,"College of Computer Studies"
19094,14,1.06.05.020.00,"Office Equipment",2025-01-00.000-0128-000,"Television Set","LED 50"" Smart TV; LG 50UK 6300 PTE SN: 805INDP3M210",LG,"50UK 6300 PTE",805INDP3M210,1,1,54990.00,54990.00,2025-01-01,
19095,14,1.06.05.020.00,"Office Equipment",2025-01-00.000-0129-000,"Television Set","LED 50"" Smart TV; LG 50UK 6300 PTE SN: 807INJL10021",LG,"50UK 6300 PTE",807INJL10021,1,1,54990.00,54990.00,2025-01-01,
19096,14,1.06.05.020.00,"Office Equipment",2025-01-00.000-0130-000,Aircon,"Everest, 3 tonner; Inverter; floor mounted SN: 340624293018719060041","floor mounted",,340624293018719060041,1,1,100168.00,100168.00,2025-01-01,
19097,14,1.06.05.020.00,"Office Equipment",2025-01-00.000-0131-000,Aircon,"Everest; 5 tonner inverter; floor mounted SN: 340719813098C210160019",Everest,,340719813098C210160019,1,1,137436.00,137436.00,2025-01-01,
19098,14,1.06.05.020.00,"Office Equipment",2025-01-00.000-0132-000,Aircon,"Everest; 5 tonner inverter; floor mounted SN: 340719813098C210160015",Everest,,340719813098C210160015,1,1,137436.00,137436.00,2025-01-01,
19099,14,1.06.05.020.00,"Office Equipment",2025-01-00.000-0133-000,Aircon,"Everest; 5 tonner inverter; floor mounted SN: 340719813098C210160012",Everest,,340719813098C210160012,1,1,137436.00,137436.00,2025-01-01,
19100,14,1.06.05.020.00,"Office Equipment",2025-01-00.000-0134-000,Aircon,"Everest; 5 tonner inverter; floor mounted SN: 340719813098C210160027",Everest,,340719813098C210160027,1,1,137436.00,137436.00,2025-01-01,
19101,14,1.06.05.020.00,"Office Equipment",2025-01-00.000-0135-000,Aircon,"Everest; 5 tonner inverter; floor mounted SN: ,340719813098C210160016",Everest,,340719813098C210160016,1,1,137436.00,137436.00,2025-01-01,
19102,14,1.06.05.020.00,"Office Equipment",2025-01-00.000-0001-067,Aircon,"Everest; 5 tonner inverter; floor mounted SN: 340719813098C210160018",Everest,,340719813098C210160018,1,1,137436.00,137436.00,2025-01-01,"Sentro ng Wika at Kultura"
19103,14,1.06.05.020.00,"Office Equipment",2025-01-00.000-0136-000,Aircon,"5 tonner, floor mounted; Everest; SN: 2401248060163190160010",Everest,2401248060163190160010,2401248060163190160010,1,1,191000.00,191000.00,2025-01-01,
19104,14,1.06.05.020.00,"Office Equipment",2025-01-00.000-0137-000,"LED SCREEN WITH CABINET (ABRAM)","2.5M x 2M P 3.91 Indoor Full Color Led Screen: Module Specification; Pixel Pitch 3.91mm. Pixel Configuration: SMD2121; Module Resolution:64x64pixels; Scan Mode: 1/16 scan, Module Size: (WxH); 5pcs x 4pcs., Pixels Resolution (WxH): 896dotsx640dots, Brightness:?800cd/m2, Refresh Rates?384HZ, Viewing Angle: H: 140v: 120 Input Voltage: 200-240V, Max, Power Consumption: 600W/m2, Avg. Power Consumption: 200W/m@. IP Grade: IP43, Cabinet Material: die-casting aluminum. Includes: 1 unit video processors, 1 lot power cables, circuit breaker for LED Screen main supply, 1 lot customized rack with 5KVA AVR for power supply, 1 lot fabricated wall bracket for LED screen, 1 lot communication/signal cable, 1 lot additional fabricated mobile stand to combine the exixting LED screen for outdoor use",,,,1,1,810204.00,810204.00,,
19105,14,1.06.05.020.00,"Office Equipment",2025-01-00.000-0015-032,"LED TV","55 inch, 4K Smart Google TV- TCL Model: 55P635; SN: 2401ALY209160B02038","55 inch, 4K Smart Google TV- TCL Model: 55P635",55P635,2401ALY209160B02038,1,1,50010.00,50010.00,,"College of Engineering and Architecture"
19106,14,1.06.05.020.00,"Office Equipment",2025-01-00.000-0016-032,"LED TV","55 inch, 4K Smart Google TV- TCL Model: 55P635; SN: 2401ALY209160B02028","55 inch, 4K Smart Google TV- TCL Model: 55P635",55P635,2401ALY209160B02028,1,1,50010.00,50010.00,,"College of Engineering and Architecture"
19107,14,1.06.05.020.00,"Office Equipment",2025-01-00.000-0017-032,"LED TV","55 inch, 4K Smart Google TV- TCL Model: 55P635; SN: 2401ALY209160B02036","55 inch, 4K Smart Google TV- TCL Model: 55P635",55P635,2401ALY209160B02036,1,1,50010.00,50010.00,,"College of Engineering and Architecture"
19108,14,1.06.05.020.00,"Office Equipment",2025-01-00.000-0018-032,"LED TV","55 inch, 4K Smart Google TV- TCL Model: 55P635; SN: 2401ALY209179C00907","55 inch, 4K Smart Google TV- TCL Model: 55P635",55P635,2401ALY209179C00907,1,1,50010.00,50010.00,,"College of Engineering and Architecture"
19109,14,1.06.05.020.00,"Office Equipment",2025-01-00.000-0019-032,"LED TV","55 inch, 4K Smart Google TV- TCL Model: 55P635; SN: 2401ALY209179C00952","55 inch, 4K Smart Google TV- TCL Model: 55P635",55P635,2401ALY209179C00952,1,1,50010.00,50010.00,,"College of Engineering and Architecture"
19110,14,1.06.05.020.00,"Office Equipment",2025-01-00.000-0020-032,"LED TV","55 inch, 4K Smart Google TV- TCL Model: 55P635; SN: 2401ALY209179C00476","55 inch, 4K Smart Google TV- TCL Model: 55P635",55P635,2401ALY209179C00476,1,1,50010.00,50010.00,,"College of Engineering and Architecture"
19111,14,1.06.05.020.00,"Office Equipment",2025-01-00.000-0021-032,"LED TV","55 inch, 4K Smart Google TV- TCL Model: 55P635; SN: 2401ALY209179C00485","55 inch, 4K Smart Google TV- TCL Model: 55P635",55P635,2401ALY209179C00485,1,1,50010.00,50010.00,,"College of Engineering and Architecture"
19112,14,1.06.05.020.00,"Office Equipment",2025-01-00.000-0022-032,"LED TV","55 inch, 4K Smart Google TV- TCL Model: 55P635; SN: 2401ALY209179C00936","55 inch, 4K Smart Google TV- TCL Model: 55P635",55P635,2401ALY209179C00936,1,1,50010.00,50010.00,,"College of Engineering and Architecture"
19113,14,1.06.05.020.00,"Office Equipment",2025-01-00.000-0023-032,"LED TV","55 inch, 4K Smart Google TV- TCL Model: 55P635; SN: 2401ALY209160B02189","55 inch, 4K Smart Google TV- TCL Model: 55P635",55P635,2401ALY209160B02189,1,1,50010.00,50010.00,,"College of Engineering and Architecture"
19114,14,1.06.05.020.00,"Office Equipment",2025-01-00.000-0024-032,"LED TV","55 inch, 4K Smart Google TV- TCL Model: 55P635; SN: 2401ALY209160B02195","55 inch, 4K Smart Google TV- TCL Model: 55P635",55P635,2401ALY209160B02195,1,1,50010.00,50010.00,,"College of Engineering and Architecture"
19115,14,1.06.05.020.00,"Office Equipment",2025-01-00.000-0025-032,"LED TV","55 inch, 4K Smart Google TV- TCL Model: 55P635; SN: 2401ALY209179C00905","55 inch, 4K Smart Google TV- TCL Model: 55P635",55P635,2401ALY209179C00905,1,1,50010.00,50010.00,,"College of Engineering and Architecture"
19116,14,1.06.05.020.00,"Office Equipment",2025-01-00.000-0026-032,"LED TV","55 inch, 4K Smart Google TV- TCL Model: 55P635; SN: 2401ALY209179C00144","55 inch, 4K Smart Google TV- TCL Model: 55P635",55P635,2401ALY209179C00144,1,1,50010.00,50010.00,,"College of Engineering and Architecture"
19117,14,1.06.05.020.00,"Office Equipment",2025-01-00.000-0027-032,"LED TV","55 inch, 4K Smart Google TV- TCL Model: 55P635; SN: 2401ALY209179C00662","55 inch, 4K Smart Google TV- TCL Model: 55P635",55P635,2401ALY209179C00662,1,1,50010.00,50010.00,,"College of Engineering and Architecture"
19118,14,1.06.05.020.00,"Office Equipment",2025-01-00.000-0028-032,"LED TV","55 inch, 4K Smart Google TV- TCL Model: 55P635; SN: 2401ALY209160B02041","55 inch, 4K Smart Google TV- TCL Model: 55P635",55P635,2401ALY209160B02041,1,1,50010.00,50010.00,,"College of Engineering and Architecture"
19119,14,1.06.05.020.00,"Office Equipment",2025-01-00.000-0001-081,"LED TV","55 inch, 4K Smart Google TV- TCL Model: 55P635; SN: 2401ALY209179C00841","55 inch, 4K Smart Google TV- TCL Model: 55P635",55P635,2401ALY209179C00841,1,1,50010.00,50010.00,,"College of Criminal Justice Education"
19120,14,1.06.05.020.00,"Office Equipment",2025-01-00.000-0002-081,"LED TV","55 inch, 4K Smart Google TV- TCL Model: 55P635; SN: 2401ALY209160B02041","55 inch, 4K Smart Google TV- TCL Model: 55P635",55P635,2401ALY209160B02041,1,1,50010.00,50010.00,,"College of Criminal Justice Education"
19121,14,1.06.05.020.00,"Office Equipment",2025-01-00.000-0003-081,"LED TV","55 inch, 4K Smart Google TV- TCL Model: 55P635; SN: 2401ALY209179C00154","55 inch, 4K Smart Google TV- TCL Model: 55P635",55P635,2401ALY209179C00154,1,1,50010.00,50010.00,,"College of Criminal Justice Education"
19122,14,1.06.05.020.00,"Office Equipment",2025-01-00.000-0004-081,"LED TV","55 inch, 4K Smart Google TV- TCL Model: 55P635; SN: 2401ALY209179C00937","55 inch, 4K Smart Google TV- TCL Model: 55P635",55P635,2401ALY209179C00937,1,1,50010.00,50010.00,,"College of Criminal Justice Education"
19123,14,1.06.05.020.00,"Office Equipment",2025-01-00.000-0005-081,"LED TV","55 inch, 4K Smart Google TV- TCL Model: 55P635; SN: 2401ALY209179C00931","55 inch, 4K Smart Google TV- TCL Model: 55P635",55P635,2401ALY209179C00931,1,1,50010.00,50010.00,,"College of Criminal Justice Education"
19124,14,1.06.05.020.00,"Office Equipment",2025-01-00.000-0006-081,"LED TV","55 inch, 4K Smart Google TV- TCL Model: 55P635; SN: 2401ALY209179C00923","55 inch, 4K Smart Google TV- TCL Model: 55P635",55P635,2401ALY209179C00923,1,1,50010.00,50010.00,,"College of Criminal Justice Education"
19125,14,1.06.05.020.00,"Office Equipment",2025-01-00.000-0007-081,"LED TV","55 inch, 4K Smart Google TV- TCL Model: 55P635; SN: 2401ALY209160B02250","55 inch, 4K Smart Google TV- TCL Model: 55P635",55P635,2401ALY209160B02250,1,1,50010.00,50010.00,,"College of Criminal Justice Education"
19126,14,1.06.05.020.00,"Office Equipment",2025-01-00.000-0002-028,"LED TV","55 inch, 4K Smart Google TV- TCL Model: 55P635; SN: 2401ALY209160B02058","55 inch, 4K Smart Google TV- TCL Model: 55P635",55P635,2401ALY209160B02058,1,1,50010.00,50010.00,,"Laboratory High School"
19127,14,1.06.05.020.00,"Office Equipment",2025-01-00.000-0003-028,"LED TV","55 inch, 4K Smart Google TV- TCL Model: 55P635; SN: 2401ALY209160B02183","55 inch, 4K Smart Google TV- TCL Model: 55P635",55P635,2401ALY209160B02183,1,1,50010.00,50010.00,,"Laboratory High School"
19128,14,1.06.05.020.00,"Office Equipment",2025-01-00.000-0002-080,"LED TV","55 inch, 4K Smart Google TV- TCL Model: 55P635; SN: 2401ALY209160B02190","55 inch, 4K Smart Google TV- TCL Model: 55P635",55P635,2401ALY209160B02190,1,1,50010.00,50010.00,,CIT
19129,14,1.06.05.020.00,"Office Equipment",2025-01-00.000-0003-080,"LED TV","55 inch, 4K Smart Google TV- TCL Model: 55P635; SN: 2401ALY209160B02037","55 inch, 4K Smart Google TV- TCL Model: 55P635",55P635,2401ALY209160B02037,1,1,50010.00,50010.00,,CIT
19130,14,1.06.05.020.00,"Office Equipment",2025-01-00.000-0004-080,"LED TV","55 inch, 4K Smart Google TV- TCL Model: 55P635; SN: 2401ALY209160B02252","55 inch, 4K Smart Google TV- TCL Model: 55P635",55P635,2401ALY209160B02252,1,1,50010.00,50010.00,,CIT
19131,14,1.06.05.020.00,"Office Equipment",2025-01-00.000-0005-080,"LED TV","55 inch, 4K Smart Google TV- TCL Model: 55P635; SN: 2401ALY209160B02191","55 inch, 4K Smart Google TV- TCL Model: 55P635",55P635,2401ALY209160B02191,1,1,50010.00,50010.00,,CIT
19132,14,1.06.05.020.00,"Office Equipment",2025-01-00.000-0006-080,"LED TV","56 inch, 4K Smart Google TV- TCL Model: 55P635; SN: 2401ALY209160B02105","56 inch, 4K Smart Google TV- TCL Model: 55P635",55P635,2401ALY209160B02105,1,1,50010.00,50010.00,,CIT
19133,14,1.06.05.020.00,"Office Equipment",2025-01-00.000-0002-038,"LED TV","55 inch, 4K Smart Google TV- TCL Model: 55P635; SN: 2401ALY209179C00946","55 inch, 4K Smart Google TV- TCL Model: 55P635",55P635,2401ALY209179C00946,1,1,50010.00,50010.00,,"College of Arts and Sciences"
19134,14,1.06.05.020.00,"Office Equipment",2025-01-00.000-0003-038,"LED TV","55 inch, 4K Smart Google TV- TCL Model: 55P635; SN: 2401ALY209179C00138","55 inch, 4K Smart Google TV- TCL Model: 55P635",55P635,2401ALY209179C00138,1,1,50010.00,50010.00,,"College of Arts and Sciences"
19135,14,1.06.05.020.00,"Office Equipment",2025-01-00.000-0004-038,"LED TV","55 inch, 4K Smart Google TV- TCL Model: 55P635; SN: 2401ALY209179C00473","55 inch, 4K Smart Google TV- TCL Model: 55P635",55P635,2401ALY209179C00473,1,1,50010.00,50010.00,,"College of Arts and Sciences"
19136,14,1.06.05.020.00,"Office Equipment",2025-01-00.000-0005-038,"LED TV","55 inch, 4K Smart Google TV- TCL Model: 55P635; SN: 2401ALY209160B02245","55 inch, 4K Smart Google TV- TCL Model: 55P635",55P635,2401ALY209160B02245,1,1,50010.00,50010.00,,"College of Arts and Sciences"
19137,14,1.06.05.020.00,"Office Equipment",2025-01-00.000-0006-038,"LED TV","55 inch, 4K Smart Google TV- TCL Model: 55P635; SN: 2401ALY209179C00951","55 inch, 4K Smart Google TV- TCL Model: 55P635",55P635,2401ALY209179C00951,1,1,50010.00,50010.00,,"College of Arts and Sciences"
19138,14,1.06.05.020.00,"Office Equipment",2025-01-00.000-0007-038,"LED TV","55 inch, 4K Smart Google TV- TCL Model: 55P635; SN: 2401ALY209160B02044","55 inch, 4K Smart Google TV- TCL Model: 55P635",55P635,2401ALY209160B02044,1,1,50010.00,50010.00,,"College of Arts and Sciences"
19139,14,1.06.05.020.00,"Office Equipment",2025-01-00.000-0008-038,"LED TV","55 inch, 4K Smart Google TV- TCL Model: 55P635; SN: 2401ALY209160B02046","55 inch, 4K Smart Google TV- TCL Model: 55P635",55P635,2401ALY209160B02046,1,1,50010.00,50010.00,,"College of Arts and Sciences"
19140,14,1.06.05.020.00,"Office Equipment",2025-01-00.000-0009-038,"LED TV","55 inch, 4K Smart Google TV- TCL Model: 55P635; SN: 2401ALY209160B02057","55 inch, 4K Smart Google TV- TCL Model: 55P635",55P635,2401ALY209160B02057,1,1,50010.00,50010.00,,"College of Arts and Sciences"
19141,14,1.06.05.020.00,"Office Equipment",2025-01-00.000-0010-038,"LED TV","55 inch, 4K Smart Google TV- TCL Model: 55P635; SN: 2401ALY209160B02186","55 inch, 4K Smart Google TV- TCL Model: 55P635",55P635,2401ALY209160B02186,1,1,50010.00,50010.00,,"College of Arts and Sciences"
19142,14,1.06.05.020.00,"Office Equipment",2025-01-00.000-0003-009,"LED TV","55 inch, 4K Smart Google TV- TCL Model: 55P635; SN: 2401ALY209179C00924","55 inch, 4K Smart Google TV- TCL Model: 55P635",55P635,2401ALY209179C00924,1,1,50010.00,50010.00,,"College of Business Accountancy"
19143,14,1.06.05.020.00,"Office Equipment",2025-01-00.000-0004-009,"LED TV","55 inch, 4K Smart Google TV- TCL Model: 55P635; SN: 2401ALY209179C00891","55 inch, 4K Smart Google TV- TCL Model: 55P635",55P635,2401ALY209179C00891,1,1,50010.00,50010.00,,"College of Business Accountancy"
19144,14,1.06.05.020.00,"Office Equipment",2025-01-00.000-0005-009,"LED TV","55 inch, 4K Smart Google TV- TCL Model: 55P635; SN: 2401ALY209179C00908","55 inch, 4K Smart Google TV- TCL Model: 55P635",55P635,2401ALY209179C00908,1,1,50010.00,50010.00,,"College of Business Accountancy"
19145,14,1.06.05.020.00,"Office Equipment",2025-01-00.000-0006-009,"LED TV","55 inch, 4K Smart Google TV- TCL Model: 55P635; SN: 2401ALY209179C00878","55 inch, 4K Smart Google TV- TCL Model: 55P635",55P635,2401ALY209179C00878,1,1,50010.00,50010.00,,"College of Business Accountancy"
19146,14,1.06.05.020.00,"Office Equipment",2025-01-00.000-0007-009,"LED TV","55 inch, 4K Smart Google TV- TCL Model: 55P635; SN: 2401ALY209179C00805","55 inch, 4K Smart Google TV- TCL Model: 55P635",55P635,2401ALY209179C00805,1,1,50010.00,50010.00,,"College of Business Accountancy"
19147,14,1.06.05.020.00,"Office Equipment",2025-01-00.000-0008-009,"LED TV","55 inch, 4K Smart Google TV- TCL Model: 55P635; SN: 2401ALY209179C00470","55 inch, 4K Smart Google TV- TCL Model: 55P635",55P635,2401ALY209179C00470,1,1,50010.00,50010.00,,"College of Business Accountancy"
19148,14,1.06.05.020.00,"Office Equipment",2025-01-00.000-0009-009,"LED TV","55 inch, 4K Smart Google TV- TCL Model: 55P635; SN: 2401ALY209179C00930","55 inch, 4K Smart Google TV- TCL Model: 55P635",55P635,2401ALY209179C00930,1,1,50010.00,50010.00,,"College of Business Accountancy"
19149,14,1.06.05.020.00,"Office Equipment",2025-01-00.000-0010-009,"LED TV","55 inch, 4K Smart Google TV- TCL Model: 55P635; SN: 2401ALY209179C00911","55 inch, 4K Smart Google TV- TCL Model: 55P635",55P635,2401ALY209179C00911,1,1,50010.00,50010.00,,"College of Business Accountancy"
19150,14,1.06.05.020.00,"Office Equipment",2025-01-00.000-0011-009,"LED TV","55 inch, 4K Smart Google TV- TCL Model: 55P635; SN: 2401ALY209179C00917","55 inch, 4K Smart Google TV- TCL Model: 55P635",55P635,2401ALY209179C00917,1,1,50010.00,50010.00,,"College of Business Accountancy"
19151,14,1.06.05.020.00,"Office Equipment",2025-01-00.000-0013-013,"LED TV","55 inch, 4K Smart Google TV- TCL Model: 55P635; SN: 2401ALY209179C00469","55 inch, 4K Smart Google TV- TCL Model: 55P635",55P635,2401ALY209179C00469,1,1,50010.00,50010.00,,"College of Computer Studies"
19152,14,1.06.05.020.00,"Office Equipment",2025-01-00.000-0014-013,"LED TV","55 inch, 4K Smart Google TV- TCL Model: 55P635; SN: 2401ALY209179C00803","55 inch, 4K Smart Google TV- TCL Model: 55P635",55P635,2401ALY209179C00803,1,1,50010.00,50010.00,,"College of Computer Studies"
19153,14,1.06.05.020.00,"Office Equipment",2025-01-00.000-0015-013,"LED TV","55 inch, 4K Smart Google TV- TCL Model: 55P635; SN: 2401ALY209160B02142","55 inch, 4K Smart Google TV- TCL Model: 55P635",55P635,2401ALY209160B02142,1,1,50010.00,50010.00,,"College of Computer Studies"
19154,14,1.06.05.020.00,"Office Equipment",2025-01-00.000-0016-013,"LED TV","55 inch, 4K Smart Google TV- TCL Model: 55P635; SN: 2401ALY209179C00894","55 inch, 4K Smart Google TV- TCL Model: 55P635",55P635,2401ALY209179C00894,1,1,50010.00,50010.00,,"College of Computer Studies"
19155,14,1.06.05.020.00,"Office Equipment",2025-01-00.000-0017-013,"LED TV","55 inch, 4K Smart Google TV- TCL Model: 55P635; SN: 2401ALY209179C00142","55 inch, 4K Smart Google TV- TCL Model: 55P635",55P635,2401ALY209179C00142,1,1,50010.00,50010.00,,"College of Computer Studies"
19156,14,1.06.05.020.00,"Office Equipment",2025-01-00.000-0018-013,"LED TV","55 inch, 4K Smart Google TV- TCL Model: 55P635; SN: 2401ALY209179C00143","55 inch, 4K Smart Google TV- TCL Model: 55P635",55P635,2401ALY209179C00143,1,1,50010.00,50010.00,,"College of Computer Studies"
19157,14,1.06.05.020.00,"Office Equipment",2025-01-00.000-0019-013,"LED TV","55 inch, 4K Smart Google TV- TCL Model: 55P635; SN: 2401ALY209160B02106","55 inch, 4K Smart Google TV- TCL Model: 55P635",55P635,2401ALY209160B02106,1,1,50010.00,50010.00,,"College of Computer Studies"
19158,14,1.06.05.020.00,"Office Equipment",2025-01-00.000-0020-013,"LED TV","55 inch, 4K Smart Google TV- TCL Model: 55P635; SN: 2401ALY209179C00240","55 inch, 4K Smart Google TV- TCL Model: 55P635",55P635,2401ALY209179C00240,1,1,50010.00,50010.00,,"College of Computer Studies"
19159,14,1.06.05.020.00,"Office Equipment",2025-01-00.000-0021-013,"LED TV","55 inch, 4K Smart Google TV- TCL Model: 55P635; SN: 2401ALY209179C00478","55 inch, 4K Smart Google TV- TCL Model: 55P635",55P635,2401ALY209179C00478,1,1,50010.00,50010.00,,"College of Computer Studies"
19160,14,1.06.05.020.00,"Office Equipment",2025-01-00.000-0138-000,"LED TV","55 inch, 4K Smart Google TV- TCL Model: 55P635; SN: 2401ALY209160B02140","55 inch, 4K Smart Google TV- TCL Model: 55P635",55P635,2401ALY209160B02140,1,1,50010.00,50010.00,,
19161,14,1.06.05.020.00,"Office Equipment",2025-01-00.000-0139-000,"LED TV","55 inch, 4K Smart Google TV- TCL Model: 55P635; SN: 2401ALY209160B02182","55 inch, 4K Smart Google TV- TCL Model: 55P635",55P635,2401ALY209160B02182,1,1,50010.00,50010.00,,
19162,14,1.06.05.020.00,"Office Equipment",2025-01-00.000-0140-000,"LED TV","55 inch, 4K Smart Google TV- TCL Model: 55P635; SN: 2401ALY209160B02469","55 inch, 4K Smart Google TV- TCL Model: 55P635",55P635,2401ALY209160B02469,1,1,50010.00,50010.00,,
19163,14,1.06.05.020.00,"Office Equipment",2025-01-00.000-0141-000,"LED TV","55 inch, 4K Smart Google TV- TCL Model: 55P635; SN: 2401ALY209179C00933","55 inch, 4K Smart Google TV- TCL Model: 55P635",55P635,2401ALY209179C00933,1,1,50010.00,50010.00,,
19164,14,1.06.05.020.00,"Office Equipment",2025-01-00.000-0142-000,"LED TV","55 inch, 4K Smart Google TV- TCL Model: 55P635; SN: 2401ALY209160B02187","55 inch, 4K Smart Google TV- TCL Model: 55P635",55P635,2401ALY209160B02187,1,1,50010.00,50010.00,,
19165,14,1.06.05.020.00,"Office Equipment",2025-01-00.000-0143-000,"LED TV","55 inch, 4K Smart Google TV- TCL Model: 55P635; SN: 2401ALY209160B02192","55 inch, 4K Smart Google TV- TCL Model: 55P635",55P635,2401ALY209160B02192,1,1,50010.00,50010.00,,
19166,14,1.06.05.020.00,"Office Equipment",2025-01-00.000-0144-000,"LED TV","55 inch, 4K Smart Google TV- TCL Model: 55P635; SN: 2401ALY210070B00998","55 inch, 4K Smart Google TV- TCL Model: 55P635",55P635,2401ALY210070B00998,1,1,50010.00,50010.00,,
19167,14,1.06.05.020.00,"Office Equipment",2025-01-00.000-0145-000,"LED TV","55 inch, 4K Smart Google TV- TCL Model: 55P635; SN: 2401ALY209160B02196","55 inch, 4K Smart Google TV- TCL Model: 55P635",55P635,2401ALY209160B02196,1,1,50010.00,50010.00,,
19168,14,1.06.05.020.00,"Office Equipment",2025-01-00.000-0146-000,"LED TV","55 inch, 4K Smart Google TV- TCL Model: 55P635; SN: 2401ALY209160B02143","55 inch, 4K Smart Google TV- TCL Model: 55P635",55P635,2401ALY209160B02143,1,1,50010.00,50010.00,,
19169,14,1.06.05.020.00,"Office Equipment",2025-01-00.000-0147-000,"LED TV","55 inch, 4K Smart Google TV- TCL Model: 55P635; SN: 2401ALY209160B02029","55 inch, 4K Smart Google TV- TCL Model: 55P635",55P635,2401ALY209160B02029,1,1,50010.00,50010.00,,
19170,14,1.06.05.020.00,"Office Equipment",2025-01-00.000-0148-000,"LED TV","55 inch, 4K Smart Google TV- TCL Model: 55P635; SN: 2401ALY209179C00922","55 inch, 4K Smart Google TV- TCL Model: 55P635",55P635,2401ALY209179C00922,1,1,50010.00,50010.00,,
19171,14,1.06.05.020.00,"Office Equipment",2025-01-00.000-0149-000,"LED TV","55 inch, 4K Smart Google TV- TCL Model: 55P635; SN: 2401ALY209160B02181","55 inch, 4K Smart Google TV- TCL Model: 55P635",55P635,2401ALY209160B02181,1,1,50010.00,50010.00,,
19172,14,1.06.05.020.00,"Office Equipment",2025-01-00.000-0150-000,"LED TV","55 inch, 4K Smart Google TV- TCL Model: 55P635; SN: 2401ALY209160B02040","55 inch, 4K Smart Google TV- TCL Model: 55P635",55P635,2401ALY209160B02040,1,1,50010.00,50010.00,,
19173,14,1.06.05.020.00,"Office Equipment",2025-01-00.000-0151-000,"LED TV","55 inch, 4K Smart Google TV- TCL Model: 55P635; SN: 2401ALY209160B02034","55 inch, 4K Smart Google TV- TCL Model: 55P635",55P635,2401ALY209160B02034,1,1,50010.00,50010.00,,
19174,14,1.06.05.020.00,"Office Equipment",2025-01-00.000-0152-000,"LED TV","55 inch, 4K Smart Google TV- TCL Model: 55P635; SN: 2401ALY209160B02372","55 inch, 4K Smart Google TV- TCL Model: 55P635",55P635,2401ALY209160B02372,1,1,50010.00,50010.00,,
19175,14,1.06.05.020.00,"Office Equipment",2025-01-00.000-0153-000,"LED TV","55 inch, 4K Smart Google TV- TCL Model: 55P635; SN: 2401ALY209160B02033","55 inch, 4K Smart Google TV- TCL Model: 55P635",55P635,2401ALY209160B02033,1,1,50010.00,50010.00,,
19176,14,1.06.05.020.00,"Office Equipment",2025-01-00.000-0154-000,"LED TV","55 inch, 4K Smart Google TV- TCL Model: 55P635; SN: 2401ALY209179C00941","55 inch, 4K Smart Google TV- TCL Model: 55P635",55P635,2401ALY209179C00941,1,1,50010.00,50010.00,,
19177,14,1.06.05.020.00,"Office Equipment",2025-01-00.000-0155-000,"LED TV","55 inch, 4K Smart Google TV- TCL Model: 55P635; SN: 2401ALY209179C00915","55 inch, 4K Smart Google TV- TCL Model: 55P635",55P635,2401ALY209179C00915,1,1,50010.00,50010.00,,
19178,14,1.06.05.020.00,"Office Equipment",2025-01-00.000-0026-021,"TV with Customized Whiteboard","55 inch, 4K Smart Google TV- TCL Model: 55P635; SN: 2401ALY209160B02185",TCL,55P635,2401ALY209160B02185,1,1,61000.00,61000.00,2025-01-01,"College of Maritime Studies"
19179,14,1.06.05.020.00,"Office Equipment",2025-01-00.000-0027-021,"TV with Customized Whiteboard","55 inch, 4K Smart Google TV- TCL Model: 55P635; SN: 2401ALY209160B02032",TCL,55P635,2401ALY209160B02032,1,1,61000.00,61000.00,2025-01-01,"College of Maritime Studies"
19180,14,1.06.05.020.00,"Office Equipment",2025-01-00.000-0028-021,"TV with Customized Whiteboard","55 inch, 4K Smart Google TV- TCL Model: 55P635; SN: 2401ALY209160B02260",TCL,55P635,2401ALY209160B02260,1,1,61000.00,61000.00,2025-01-01,"College of Maritime Studies"
19181,14,1.06.05.020.00,"Office Equipment",2025-01-00.000-0029-021,"TV with Customized Whiteboard","55 inch, 4K Smart Google TV- TCL Model: 55P635; SN: 2401ALY209160B02259",TCL,55P635,2401ALY209160B02259,1,1,61000.00,61000.00,2025-01-01,"College of Maritime Studies"
19182,14,1.06.05.020.00,"Office Equipment",2025-01-00.000-0030-021,"TV with Customized Whiteboard","55 inch, 4K Smart Google TV- TCL Model: 55P635; SN: 2401ALY209179C00929",TCL,55P635,2401ALY209179C00929,1,1,61000.00,61000.00,2025-01-01,"College of Maritime Studies"
19183,14,1.06.05.020.00,"Office Equipment",2025-01-00.000-0012-009,TV,"75' UHD 4K Smart Television - SAMSUNG Model: UA75CU7000G SN: 0NWE3NNX100123",SAMSUNG,UA75CU7000G,0NWE3NNX100123,1,1,82000.00,82000.00,2025-01-01,"College of Business Accountancy"
19184,14,1.06.05.020.00,"Office Equipment",2025-01-00.000-0013-009,TV,"75' UHD 4K Smart Television - SAMSUNG Model: UA75CU7000G SN: 0NWE3NNX100076",SAMSUNG,UA75CU7000G,0NWE3NNX100076,1,1,82000.00,82000.00,2025-01-01,"College of Business Accountancy"
19185,14,1.06.05.020.00,"Office Equipment",2025-01-00.000-0029-032,TV,"75' UHD 4K Smart Television - SAMSUNG Model: UA75CU7000G SN: 0NWE3NNX100061",SAMSUNG,UA75CU7000G,0NWE3NNX100061,1,1,82000.00,82000.00,2025-01-01,"College of Engineering and Architecture"
19186,14,1.06.05.020.00,"Office Equipment",2025-01-00.000-0022-013,TV,"75' UHD 4K Smart Television - SAMSUNG Model: UA75CU7000G SN: 0NWE3NNX100077",SAMSUNG,UA75CU7000G,0NWE3NNX100077,1,1,82000.00,82000.00,2025-01-01,"College of Computer Studies"
19187,14,1.06.05.020.00,"Office Equipment",2025-01-00.000-0156-000,TV,"75' UHD 4K Smart Television - SAMSUNG Model: UA75CU7000G SN: 0NWE3NNX100104",SAMSUNG,UA75CU7000G,0NWE3NNX100104,1,1,82000.00,82000.00,2025-01-01,
19188,14,1.06.05.020.00,"Office Equipment",2025-01-00.000-0157-000,TV,"75' UHD 4K Smart Television - SAMSUNG Model: UA75CU7000G SN: 0NWE3NNX100074",SAMSUNG,UA75CU7000G,0NWE3NNX100074,1,1,82000.00,82000.00,2025-01-01,
19189,14,1.06.05.020.00,"Office Equipment",2025-01-00.000-0008-081,TV,"75' UHD 4K Smart Television - SAMSUNG Model: UA75CU7000G SN: 0NWE3NNX100083",SAMSUNG,UA75CU7000G,0NWE3NNX100083,1,1,82000.00,82000.00,2025-01-01,"College of Criminal Justice Education"
19190,14,1.06.05.020.00,"Office Equipment",2025-01-00.000-0011-038,TV,"75' UHD 4K Smart Television - SAMSUNG Model: UA75CU7000G SN: 0NWE3NNX100113",SAMSUNG,UA75CU7000G,0NWE3NNX100113,1,1,82000.00,82000.00,2025-01-01,"College of Arts and Sciences"
19191,14,1.06.05.020.00,"Office Equipment",2025-01-00.000-0031-021,TV,"75' UHD 4K Smart Television - SAMSUNG Model: UA75CU7000G SN: 0NWE3NNWB00080",SAMSUNG,UA75CU7000G,0NWE3NNWB00080,1,1,82000.00,82000.00,2025-01-01,"College of Maritime Studies"
19192,14,1.06.05.020.00,"Office Equipment",2025-01-00.000-0004-028,TV,"75' UHD 4K Smart Television - SAMSUNG Model: UA75CU7000G SN: 0NWE3NNX100075",SAMSUNG,UA75CU7000G,0NWE3NNX100075,1,1,82000.00,82000.00,2025-01-01,"Laboratory High School"
19193,14,1.06.05.020.00,"Office Equipment",2025-01-00.000-0007-080,TV,"75' UHD 4K Smart Television - SAMSUNG Model: UA75CU7000G SN: 0NWE3NNX100080",SAMSUNG,UA75CU7000G,0NWE3NNX100080,1,1,82000.00,82000.00,2025-01-01,CIT
19194,14,1.06.05.020.00,"Office Equipment",2025-01-00.000-0158-000,TV,"75' UHD 4K Smart Television - SAMSUNG Model: UA75CU7000G SN: 0NWE3NNX100072",SAMSUNG,UA75CU7000G,0NWE3NNX100072,1,1,82000.00,82000.00,2025-01-01,
19195,14,1.06.05.020.00,"Office Equipment",2025-01-00.000-0159-000,TV,"75' UHD 4K Smart Television - SAMSUNG Model: UA75CU7000G SN: 0NWE3NNX100110",SAMSUNG,UA75CU7000G,0NWE3NNX100110,1,1,82000.00,82000.00,2025-01-01,
19196,14,1.06.05.020.00,"Office Equipment",2024-01-00.000-0001-032,"Smart TV","65"" UHD 4K, refresh rate 60Hz, SAMSUNG - UA65DU7000G SN: 0U4A3NEX301051",SAMSUNG,UA65DU7000G,0U4A3NEX301051,1,1,57450.00,57450.00,2024-09-30,"College of Engineering and Architecture"
19197,14,1.06.05.020.00,"Office Equipment",2024-01-00.000-0001-011,"Smart TV","65"" UHD 4K, refresh rate 60Hz, SAMSUNG - UA65DU7000G SN: 0U4A3NEX300587",SAMSUNG,UA65DU7000G,0U4A3NEX300587,1,1,57450.00,57450.00,2024-09-30,"College of Industrial Technology"
19198,14,1.06.05.020.00,"Office Equipment",2025-01-00.000-0009-025,"CONFERENCE PROJECTIVE MEDIA EQUIPMENT(DAHUA INTERACTICE WHITEBOARD LCH75-MC410-B","75 inch touchscreen, 3,840 x 2,160 pixels, 400 cd/m2 brigthness, Plug and Play Android apps, easy-to use interface and built-in Apps, built-in camera and microphone for interactive conference, HDMI, USB or type-C compatible, split-screen presentation capability, picture-in picture function, multi-touch support for up to 20 mutli; MODEL: DHI-LCH75-MC410-B; SN: AA00E8BPGT00045","MODEL: DHI-LCH75-MC410-B",DHI-LCH75-MC410-B,AA00E8BPGT00045,1,1,110000.00,110000.00,,"General Services Unit"
19199,14,1.06.05.020.00,"Office Equipment",2024-01-00.000-0001-033,"LED WALL","""SET- (ABRAM) 4Mx2.5M P3.91 INDOOR FULL COLORED LED DISPLAY
Includes:
40 pcs. 500mmx500mmx87mm LED display cabinet
2 pcs Novastar all in one video processors. 
SN: 2KUA03C07W0A10003277
SN: 2KUA03C07W0A10003347
8 pcs. 250mmx250mm spare module
4 pcs. Spare power supply
4 pcs spare nova receiver
8 pcs. 0.5M hanging beam
1-unit AVR- 10KVA (STAVCI)
75M 2.Omm2 (14#) 2C Royal Cord
2 pcs 30m heavy duty HDMI""",ABRAM,,"2KUA03C07W0A10003277 SN: 2KUA03C07W0A10003347 8 pcs. 250mmx250mm spare module 4 pcs. Spare power supply 4 pcs spare nova receiver 8 pcs. 0.5M hanging beam 1-unit AVR- 10KVA (STAVCI) 75M 2.Omm2 (14#) 2",1,1,1587500.00,1587500.00,2024-09-30,"VP for Academic Affairs"
19370,14,1.06.05.020.00,"Office Equipment",2024-01-00.000-0001-038,"Smart TV","65"" UHD 4K, refresh rate 60Hz, SAMSUNG - UA65DU7000G SN: 0U4A3NEX300583",SAMSUNG,UA65DU7000G,0U4A3NEX300583,1,1,57450.00,57450.00,2024-09-30,"College of Arts and Sciences"
19371,14,1.06.05.020.00,"Office Equipment",2024-01-00.000-0002-033,"Smart TV","65"" UHD 4K, refresh rate 60Hz, SAMSUNG - UA65DU7000G SN: 	0U4A3NEX301052",SAMSUNG,UA65DU7000G,0U4A3NEX301052,1,1,57450.00,57450.00,2024-09-30,"VP for Academic Affairs"
19372,14,1.06.05.020.00,"Office Equipment",2024-01-00.000-0001-009,"Smart TV","65"" UHD 4K, refresh rate 60Hz, SAMSUNG - UA65DU7000G SN: 	0U4A3NEX301056",SAMSUNG,UA65DU7000G,0U4A3NEX301056,1,1,57450.00,57450.00,2024-09-30,"College of Business Accountancy"
19373,14,1.06.05.020.00,"Office Equipment",2024-01-00.000-0001-013,"Smart TV","65"" UHD 4K, refresh rate 60Hz, SAMSUNG - UA65DU7000G SN: 	0U4A3NEX300668",SAMSUNG,UA65DU7000G,0U4A3NEX300668,1,1,57450.00,57450.00,2024-09-30,"College of Computer Studies"
19374,14,1.06.05.020.00,"Office Equipment",2025-01-00.000-0160-000,Aircon,"Everest, 3 tonner; SN: 240062374015C140160054;",Everest,"3 Tonner",240062374015C140160054,1,1,71500.00,71500.00,2025-01-01,
19375,14,1.06.05.020.00,"Office Equipment",2025-01-00.000-0030-032,Aircon,"Everest, 3 tonner; SN: AHU: 24006237015C140160030: ACCU: 24006237025C090160033z",Everest,"3 Tonner","AHU:24006237015C140160030 / ACCU:24006237025C090160033z",1,1,71500.00,71500.00,2025-01-01,"College of Engineering and Architecture"
19376,14,1.06.05.020.00,"Office Equipment",2025-01-00.000-0161-000,Aircon,"Everest, 3 tonner; SN: AHU: 240062374015C140160029; ACCU: 240062374025C090160039",Everest,"3 Tonner","AHU:240062374015C140160029 / ACCU:240062374025C090160039",1,1,71500.00,71500.00,2025-01-01,
19388,14,1.06.05.020.00,"Office Equipment",2025-01-00.000-0004-050,Aircon,"3T, inverter, floor-mounted; split type, with free installation Outdoor SN: 540N305440244170860006; BOSTON BAY - MFJ-36CRDN1R32-NR SN Indoor: 540N306130141110810047","BOSTON BAY",MFJ-36CRDN1R32-NR,540N305440244170860006,1,1,114770.00,114770.00,2025-01-01,"Procurement Unit"
19389,14,1.06.05.020.00,"Office Equipment",2025-01-00.000-0001-055,Aircon,"3T; inverter; floor-mounted; split type
Outdoor Model: AC036BXPDKC, SN: BPQEP3CY700132D; SAMSUNG - AC036BNPDKC Indoor SN: BPQDP3EY700080L",SAMSUNG,AC036BXPDKC,BPQEP3CY700132D,1,1,103250.00,103250.00,2025-12-18,"Business Operations Unit"
19390,14,1.06.05.020.00,"Office Equipment",2025-01-00.000-0001-085,Aircon,"2.5HP; inverter; split type; wall mounted; Outdoor SN: 121202AHCNW16252D000028; TCL - TAC-24CSA/BEI; Indoor SN: 121201AHCMN25252A000115",TCL,TAC-24CSA/BEI,121202AHCNW16252D000028,1,1,65940.00,65940.00,2025-12-18,"Finance Division"
19391,14,1.06.05.020.00,"Office Equipment",2025-01-00.000-0005-028,Aircon,"2.5HP; inverter; split type; wall mounted- Gray; TCL - TAC-24CSA/BEI SN: 121201AHCMN25252A000098",TCL,TAC-24CSA/BEI,121201AHCMN25252A000098,1,1,65940.00,65940.00,2025-12-18,"Laboratory High School"
19392,14,1.06.05.020.00,"Office Equipment",2025-01-00.000-0006-028,Aircon,"2.5HP; inverter; split type; wall mounted- Gray; TCL - TAC-24CSA/BEI SN:  121201AHCMN25252A000056",TCL,TAC-24CSA/BEI,121201AHCMN25252A000056,1,1,65940.00,65940.00,2025-12-18,"Laboratory High School"
19393,14,1.06.05.020.00,"Office Equipment",2025-01-00.000-0162-000,Aircon,"2.5HP; inverter; split type; wall mounted; TCL - TAC-24CSA/BEI SN: 121201AHCMN25252A000046",TCL,TAC-24CSA/BEI,121201AHCMN25252A000046,1,1,65940.00,65940.00,2025-12-18,
19394,14,1.06.05.020.00,"Office Equipment",2025-01-00.000-0163-000,Aircon,"2.5HP; inverter; split type; wall mounted; TCL - TAC-24CSA/BEI SN: 121201AHCMN25252A000182",TCL,TAC-24CSA/BEI,121201AHCMN25252A000182,1,1,65940.00,65940.00,2025-12-18,
