id,property_number,serial_no,item_type,item_description,account_code,account_name,fund_code,office_name,current_office_id,current_employee_id,rpcppe_status
58,2026-05-03.210-0001-ALU,,semi_expendable,"Monoblock, without armrest, Marble White",5.02.03.210.02,"Semi-Expendable ME - Office Equipment",AADM,"Alumni Unit",0,0,excluded
5,2026-05-03.210-0001-BU,,semi_expendable,"Output power capacity: 1.2 kVA 600 W; Nominal Input/output voltage: 230 V; other input/output voltages: 220 V, 240 V; Battery capacity: 9 Ah; Battery life: 2-3 years; standard warranty: 2 years repair or replace",5.02.03.210.02,"Semi-Expendable ME - Office Equipment",AADM,"Budget Unit",0,0,excluded
68,2026-05-03.210-0001-CAS,,semi_expendable,"Monoblock, without armrest, Marble White",5.02.03.210.02,"Semi-Expendable ME - Office Equipment",AADM,"College of Arts and Sciences",0,0,excluded
72,2026-05-03.210-0001-CIT,,semi_expendable,"Monoblock: Harvard Type",5.02.03.210.02,"Semi-Expendable ME - Office Equipment",AADM,"College of Industrial Technology",11,46,excluded
497,2026-05-03.210-0001-CMS,63907/106100011937,semi_expendable,"55"" HD",5.02.03.210.02,"Semi-Expendable ME - Office Equipment",AADM,"College of Maritime Studies",0,0,excluded
495,2026-05-03.210-0001-CTE,,semi_expendable,"6 adjustable layers, stopper at both ends, height: 185cm, Width: 90cm, Depth: 40 cm, Steel Shelves (ready-made)",5.02.03.210.02,"Semi-Expendable ME - Office Equipment",AADM,"College of Teacher Education",0,0,excluded
2,2026-05-03.210-0001-CU,,semi_expendable,"Automatic Voltage Regulator; 1500VA Capacity; 8A Fuse; 4 Output Sockets with Fuse for Over Voltaage Protection; 1 Socket:110V",5.02.03.210.02,"Semi-Expendable ME - Office Equipment",AADM,"Cash Unit",0,0,excluded
487,2026-05-03.210-0001-CUR,,semi_expendable,"w/ Armrest; Ergonomic; Mid-Back Mesh Chair; PP Arm Rest; Chrome Base; PP Casters; Padded Seat Rest in Mesh Fabric; Adjustable Height Gas Lift; 100kg Capacity",5.02.03.210.02,"Semi-Expendable ME - Office Equipment",AADM,"Curriculum Unit",0,0,excluded
521,2026-05-03.210-0001-CYP,2412SF20PCS3084,semi_expendable,"Blade Size Diameter: 20 inches; 3 speed controls: low, medium, and High; adjustable angle; 150 watts",5.02.03.210.01,"Semi-Expendable ME - Machinery",AADM,"COCOON Yearbook Production",0,0,excluded
503,2026-05-03.210-0001-EAU,,semi_expendable,"3 blades, 16', 60 watts: Heavy Duty",5.02.03.210.02,"Semi-Expendable ME - Office Equipment",AADM,"External Affairs Unit",43,40,excluded
485,2026-05-03.210-0001-EXU,,semi_expendable,"Plastic, Top Rectangular Fold-in-Half Table, 6 Seater, Heavy-Duty Steel Frame, Steel Legs",5.02.03.210.02,"Semi-Expendable ME - Office Equipment",AADM,"Extension Unit",0,0,excluded
505,2026-05-03.210-0001-HU,GT1203525,semi_expendable,"Freq: U/V (136-174/350-390/400-470 MHz); Batt Cap: 580 mAh; Display: Yes; Ch: 128; Cat: Hand Station; Power: 18 W; Volt: 100-240 V; Talk Dist: km-30 km; Pack: Host, Batt, Charger, Antenna, Clip, Lanyard, Manual",5.02.03.210.03,"Semi-Expendable ME - Information & Communications Technology Equipment",AADM,"Health Unit",22,20,excluded
8,2026-05-03.210-0001-LEC,,semi_expendable,"Monoblock; without armrest; Gray",5.02.03.210.02,"Semi-Expendable ME - Office Equipment",AADM,"Libertad Extension Campus",0,0,excluded
481,2026-05-03.210-0001-LHS,,semi_expendable,"Ergonomic; Assembly Required; Material: Metal, Others, Wood; Dimension (LxWxH)",5.02.03.210.02,"Semi-Expendable ME - Office Equipment",AADM,"Laboratory High School",0,0,excluded
504,2026-05-03.210-0001-OBS,,semi_expendable,"with LED lights, 72 inch, 8 inch, big ceiling fan with light modern design, Tricolor dimming 6 gear wind ceiling fan and remote, big size, heavy duty",5.02.03.210.01,"Semi-Expendable ME - Machinery",AADM,"Office of the Board Secretary",0,0,excluded
480,2026-05-03.210-0001-PMU,2025RT55339,semi_expendable,"Hot & Cold; with Cabinet",5.02.03.210.02,"Semi-Expendable ME - Office Equipment",AADM,"Project Management Unit",89,87,excluded
486,2026-05-03.210-0001-PU,,semi_expendable,"w/ Armrest; Ergonomic; Mid-Back Mesh Chair; PP Arm Rest; Chrome Base; PP Casters; Padded Seat Rest in Mesh Fabric; Adjustable Height Gas Lift; 100kg Capacity",5.02.03.210.02,"Semi-Expendable ME - Office Equipment",AADM,"Procurement Unit",0,0,excluded
493,2026-05-03.210-0001-QUA,,semi_expendable,"Marine Plywood: 3 Drawers with Lock; Paint Finished",5.02.03.210.02,"Semi-Expendable ME - Office Equipment",AADM,"Quality Assurance Unit",0,0,excluded
509,2026-05-03.210-0001-TPP,GT1203503,semi_expendable,"Freq: U/V (136-174/350-390/400-470 MHz); Batt Cap: 580 mAh; Display: Yes; Ch: 128; Cat: Hand Station; Power: 18 W; Volt: 100-240 V; Talk Dist: km-30 km; Pack: Host, Batt, Charger, Antenna, Clip, Lanyard, Manual",5.02.03.210.03,"Semi-Expendable ME - Information & Communications Technology Equipment",AADM,"The Prism Publication",0,0,excluded
500,2026-05-03.210-0001-UL,,semi_expendable,"3 blades, 16', 60 watts: Heavy Duty",5.02.03.210.02,"Semi-Expendable ME - Office Equipment",AADM,"University Library",0,0,excluded
7,2026-05-03.210-0001-VPAF,,semi_expendable,"AVR; 2000w; range of input voltate:140v-250VAC; Maximum Output Voltage: 2000 VA; 220V; Input/Output voltateg: 110V and 220V",5.02.03.210.02,"Semi-Expendable ME - Office Equipment",AADM,"VP for Admin & Finance",0,0,excluded
59,2026-05-03.210-0002-ALU,,semi_expendable,"Monoblock, without armrest, Marble White",5.02.03.210.02,"Semi-Expendable ME - Office Equipment",AADM,"Alumni Unit",0,0,excluded
6,2026-05-03.210-0002-BU,,semi_expendable,"Output power capacity: 1.2 kVA 600 W; Nominal Input/output voltage: 230 V; other input/output voltages: 220 V, 240 V; Battery capacity: 9 Ah; Battery life: 2-3 years; standard warranty: 2 years repair or replace",5.02.03.210.02,"Semi-Expendable ME - Office Equipment",AADM,"Budget Unit",0,0,excluded
69,2026-05-03.210-0002-CAS,,semi_expendable,"Monoblock, without armrest, Marble White",5.02.03.210.02,"Semi-Expendable ME - Office Equipment",AADM,"College of Arts and Sciences",0,0,excluded
73,2026-05-03.210-0002-CIT,,semi_expendable,"Monoblock: Harvard Type",5.02.03.210.02,"Semi-Expendable ME - Office Equipment",AADM,"College of Industrial Technology",11,46,excluded
510,2026-05-03.210-0002-CMS,2511DTJ25AH06500498,semi_expendable,"55"" HD",5.02.03.210.02,"Semi-Expendable ME - Office Equipment",AADM,"College of Maritime Studies",0,0,excluded
496,2026-05-03.210-0002-CTE,,semi_expendable,"6 adjustable layers, stopper at both ends, height: 185cm, Width: 90cm, Depth: 40 cm, Steel Shelves (ready-made)",5.02.03.210.02,"Semi-Expendable ME - Office Equipment",AADM,"College of Teacher Education",0,0,excluded
3,2026-05-03.210-0002-CU,Y6TTN24FHDHY2026021330,semi_expendable,"LED Backlight; Viewable image area: at least 24""; Aspect ratio: 16x9; Horizontal Frequency: 24 to 70 kHz; Vertical frequency; 50to 60 Hz; Native resolution: 1366x768 at 60 Hz; Video port & Cable: VGA & HDMI",5.02.03.210.03,"Semi-Expendable ME - Information & Communications Technology Equipment",AADM,"Cash Unit",0,0,excluded
488,2026-05-03.210-0002-CUR,,semi_expendable,"w/ Armrest; Ergonomic; Mid-Back Mesh Chair; PP Arm Rest; Chrome Base; PP Casters; Padded Seat Rest in Mesh Fabric; Adjustable Height Gas Lift; 100kg Capacity",5.02.03.210.02,"Semi-Expendable ME - Office Equipment",AADM,"Curriculum Unit",0,0,excluded
522,2026-05-03.210-0002-CYP,2412SF20PCS3014,semi_expendable,"Blade Size Diameter: 20 inches; 3 speed controls: low, medium, and High; adjustable angle; 150 watts",5.02.03.210.01,"Semi-Expendable ME - Machinery",AADM,"COCOON Yearbook Production",0,0,excluded
506,2026-05-03.210-0002-HU,GT1203293,semi_expendable,"Freq: U/V (136-174/350-390/400-470 MHz); Batt Cap: 580 mAh; Display: Yes; Ch: 128; Cat: Hand Station; Power: 18 W; Volt: 100-240 V; Talk Dist: km-30 km; Pack: Host, Batt, Charger, Antenna, Clip, Lanyard, Manual",5.02.03.210.03,"Semi-Expendable ME - Information & Communications Technology Equipment",AADM,"Health Unit",22,20,excluded
9,2026-05-03.210-0002-LEC,,semi_expendable,"Monoblock; without armrest; Gray",5.02.03.210.02,"Semi-Expendable ME - Office Equipment",AADM,"Libertad Extension Campus",0,0,excluded
482,2026-05-03.210-0002-LHS,,semi_expendable,"Ergonomic; Assembly Required; Material: Metal, Others, Wood; Dimension (LxWxH)",5.02.03.210.02,"Semi-Expendable ME - Office Equipment",AADM,"Laboratory High School",0,0,excluded
513,2026-05-03.210-0002-OBS,,semi_expendable,"with LED lights, 72 inch, 8 inch, big ceiling fan with light modern design, Tricolor dimming 6 gear wind ceiling fan and remote, big size, heavy duty",5.02.03.210.01,"Semi-Expendable ME - Machinery",AADM,"Office of the Board Secretary",0,0,excluded
494,2026-05-03.210-0002-QUA,,semi_expendable,"Marine Plywood: 3 Drawers with Lock; Paint Finished",5.02.03.210.02,"Semi-Expendable ME - Office Equipment",AADM,"Quality Assurance Unit",0,0,excluded
508,2026-05-03.210-0002-TPP,8PBANA6MLA04PS,semi_expendable,"2TX + 1RX + Charging Case",5.02.03.210.03,"Semi-Expendable ME - Information & Communications Technology Equipment",AADM,"The Prism Publication",0,0,excluded
501,2026-05-03.210-0002-UL,,semi_expendable,"3 blades, 16', 60 watts: Heavy Duty",5.02.03.210.02,"Semi-Expendable ME - Office Equipment",AADM,"University Library",0,0,excluded
60,2026-05-03.210-0003-ALU,,semi_expendable,"Monoblock, without armrest, Marble White",5.02.03.210.02,"Semi-Expendable ME - Office Equipment",AADM,"Alumni Unit",0,0,excluded
70,2026-05-03.210-0003-CAS,,semi_expendable,"Monoblock, without armrest, Marble White",5.02.03.210.02,"Semi-Expendable ME - Office Equipment",AADM,"College of Arts and Sciences",0,0,excluded
74,2026-05-03.210-0003-CIT,,semi_expendable,"Monoblock: Harvard Type",5.02.03.210.02,"Semi-Expendable ME - Office Equipment",AADM,"College of Industrial Technology",11,46,excluded
511,2026-05-03.210-0003-CMS,2511DTJ25AH06500582,semi_expendable,"55"" HD",5.02.03.210.02,"Semi-Expendable ME - Office Equipment",AADM,"College of Maritime Studies",0,0,excluded
498,2026-05-03.210-0003-CTE,,semi_expendable,"340mmx340mm dimension; 55w; 636 cu.ft/min",5.02.03.210.02,"Semi-Expendable ME - Office Equipment",AADM,"College of Teacher Education",0,0,excluded
4,2026-05-03.210-0003-CU,Y6TTN24FHDHY2026021809,semi_expendable,"LED Backlight; Viewable image area: at least 24""; Aspect ratio: 16x9; Horizontal Frequency: 24 to 70 kHz; Vertical frequency; 50to 60 Hz; Native resolution: 1366x768 at 60 Hz; Video port & Cable: VGA & HDMI",5.02.03.210.03,"Semi-Expendable ME - Information & Communications Technology Equipment",AADM,"Cash Unit",0,0,excluded
10,2026-05-03.210-0003-LEC,,semi_expendable,"Monoblock; without armrest; Gray",5.02.03.210.02,"Semi-Expendable ME - Office Equipment",AADM,"Libertad Extension Campus",0,0,excluded
483,2026-05-03.210-0003-LHS,,semi_expendable,"With Printer Stand, keyboard tray, and Drawer; Table Height: Standard (30""); material: Wood and Steel",5.02.03.210.02,"Semi-Expendable ME - Office Equipment",AADM,"Laboratory High School",0,0,excluded
502,2026-05-03.210-0003-UL,,semi_expendable,"3 blades, 16', 60 watts: Heavy Duty",5.02.03.210.02,"Semi-Expendable ME - Office Equipment",AADM,"University Library",0,0,excluded
61,2026-05-03.210-0004-ALU,,semi_expendable,"Monoblock, without armrest, Marble White",5.02.03.210.02,"Semi-Expendable ME - Office Equipment",AADM,"Alumni Unit",0,0,excluded
71,2026-05-03.210-0004-CAS,,semi_expendable,"Monoblock, without armrest, Marble White",5.02.03.210.02,"Semi-Expendable ME - Office Equipment",AADM,"College of Arts and Sciences",0,0,excluded
75,2026-05-03.210-0004-CIT,,semi_expendable,"Monoblock: Harvard Type",5.02.03.210.02,"Semi-Expendable ME - Office Equipment",AADM,"College of Industrial Technology",11,46,excluded
512,2026-05-03.210-0004-CMS,2601DTJ25CH08401220,semi_expendable,"55"" HD",5.02.03.210.02,"Semi-Expendable ME - Office Equipment",AADM,"College of Maritime Studies",0,0,excluded
499,2026-05-03.210-0004-CTE,,semi_expendable,"340mmx340mm dimension; 55w; 636 cu.ft/min",5.02.03.210.02,"Semi-Expendable ME - Office Equipment",AADM,"College of Teacher Education",0,0,excluded
11,2026-05-03.210-0004-LEC,,semi_expendable,"Monoblock; without armrest; Gray",5.02.03.210.02,"Semi-Expendable ME - Office Equipment",AADM,"Libertad Extension Campus",0,0,excluded
62,2026-05-03.210-0005-ALU,,semi_expendable,"Monoblock, without armrest, Marble White",5.02.03.210.02,"Semi-Expendable ME - Office Equipment",AADM,"Alumni Unit",0,0,excluded
490,2026-05-03.210-0005-CAS,,semi_expendable,"Steel; Gauge 24; 4 Drawers with Lock",5.02.03.210.02,"Semi-Expendable ME - Office Equipment",AADM,"College of Arts and Sciences",0,0,excluded
76,2026-05-03.210-0005-CIT,,semi_expendable,"Monoblock: Harvard Type",5.02.03.210.02,"Semi-Expendable ME - Office Equipment",AADM,"College of Industrial Technology",11,46,excluded
518,2026-05-03.210-0005-CMS,13250512898,semi_expendable,"450 Active Amplified Plastic Molded Trolley Speaker with 2 Wireless Microphones, Portable PA Audio Battery-Powered USB Bluetooth Sound System 15"" Active Speaker System",5.02.03.210.03,"Semi-Expendable ME - Information & Communications Technology Equipment",AADM,"College of Maritime Studies",0,0,excluded
523,2026-05-03.210-0005-CTE,65520132304,semi_expendable,"Heavy Duty; Can Shred: CD/DVD, Paper, Card, Paper Clip, Staple; Sheets per Pass: 16 sheets (70 gsm); Bin Volume: 30 L; Continuous Run Time: 30 mins; Nitride Steel Knife",5.02.03.210.02,"Semi-Expendable ME - Office Equipment",AADM,"College of Teacher Education",10,9,excluded
12,2026-05-03.210-0005-LEC,,semi_expendable,"Monoblock; without armrest; Gray",5.02.03.210.02,"Semi-Expendable ME - Office Equipment",AADM,"Libertad Extension Campus",0,0,excluded
63,2026-05-03.210-0006-ALU,,semi_expendable,"Monoblock, without armrest, Marble White",5.02.03.210.02,"Semi-Expendable ME - Office Equipment",AADM,"Alumni Unit",0,0,excluded
491,2026-05-03.210-0006-CAS,,semi_expendable,"Steel; Gauge 24; 4 Drawers with Lock",5.02.03.210.02,"Semi-Expendable ME - Office Equipment",AADM,"College of Arts and Sciences",0,0,excluded
77,2026-05-03.210-0006-CIT,,semi_expendable,"Monoblock: Harvard Type",5.02.03.210.02,"Semi-Expendable ME - Office Equipment",AADM,"College of Industrial Technology",11,46,excluded
524,2026-05-03.210-0006-CMS,20260306-0447,semi_expendable,"with self-adhesive laminating pouch",5.02.03.210.02,"Semi-Expendable ME - Office Equipment",AADM,"College of Maritime Studies",0,0,excluded
13,2026-05-03.210-0006-LEC,,semi_expendable,"Monoblock; without armrest; Gray",5.02.03.210.02,"Semi-Expendable ME - Office Equipment",AADM,"Libertad Extension Campus",0,0,excluded
64,2026-05-03.210-0007-ALU,,semi_expendable,"Monoblock, without armrest, Marble White",5.02.03.210.02,"Semi-Expendable ME - Office Equipment",AADM,"Alumni Unit",0,0,excluded
78,2026-05-03.210-0007-CIT,,semi_expendable,"Monoblock: Harvard Type",5.02.03.210.02,"Semi-Expendable ME - Office Equipment",AADM,"College of Industrial Technology",11,46,excluded
530,2026-05-03.210-0007-CMS,2511DTJ25AH06500771,semi_expendable,"55"" HD",5.02.03.210.02,"Semi-Expendable ME - Office Equipment",AADM,"College of Maritime Studies",0,0,excluded
14,2026-05-03.210-0007-LEC,,semi_expendable,"Monoblock; without armrest; Gray",5.02.03.210.02,"Semi-Expendable ME - Office Equipment",AADM,"Libertad Extension Campus",0,0,excluded
65,2026-05-03.210-0008-ALU,,semi_expendable,"Monoblock, without armrest, Marble White",5.02.03.210.02,"Semi-Expendable ME - Office Equipment",AADM,"Alumni Unit",0,0,excluded
79,2026-05-03.210-0008-CIT,,semi_expendable,"Monoblock: Harvard Type",5.02.03.210.02,"Semi-Expendable ME - Office Equipment",AADM,"College of Industrial Technology",11,46,excluded
15,2026-05-03.210-0008-LEC,,semi_expendable,"Monoblock; without armrest; Gray",5.02.03.210.02,"Semi-Expendable ME - Office Equipment",AADM,"Libertad Extension Campus",0,0,excluded
66,2026-05-03.210-0009-ALU,,semi_expendable,"Monoblock, without armrest, Marble White",5.02.03.210.02,"Semi-Expendable ME - Office Equipment",AADM,"Alumni Unit",0,0,excluded
80,2026-05-03.210-0009-CIT,,semi_expendable,"Monoblock: Harvard Type",5.02.03.210.02,"Semi-Expendable ME - Office Equipment",AADM,"College of Industrial Technology",11,46,excluded
16,2026-05-03.210-0009-LEC,,semi_expendable,"Monoblock; without armrest; Gray",5.02.03.210.02,"Semi-Expendable ME - Office Equipment",AADM,"Libertad Extension Campus",0,0,excluded
67,2026-05-03.210-0010-ALU,,semi_expendable,"Monoblock, without armrest, Marble White",5.02.03.210.02,"Semi-Expendable ME - Office Equipment",AADM,"Alumni Unit",0,0,excluded
81,2026-05-03.210-0010-CIT,,semi_expendable,"Monoblock: Harvard Type",5.02.03.210.02,"Semi-Expendable ME - Office Equipment",AADM,"College of Industrial Technology",11,46,excluded
17,2026-05-03.210-0010-LEC,,semi_expendable,"Monoblock; without armrest; Gray",5.02.03.210.02,"Semi-Expendable ME - Office Equipment",AADM,"Libertad Extension Campus",0,0,excluded
82,2026-05-03.210-0011-CIT,,semi_expendable,"Monoblock: Harvard Type",5.02.03.210.02,"Semi-Expendable ME - Office Equipment",AADM,"College of Industrial Technology",11,46,excluded
18,2026-05-03.210-0011-LEC,,semi_expendable,"Monoblock; without armrest; Gray",5.02.03.210.02,"Semi-Expendable ME - Office Equipment",AADM,"Libertad Extension Campus",0,0,excluded
83,2026-05-03.210-0012-CIT,,semi_expendable,"Monoblock: Harvard Type",5.02.03.210.02,"Semi-Expendable ME - Office Equipment",AADM,"College of Industrial Technology",11,46,excluded
19,2026-05-03.210-0012-LEC,,semi_expendable,"Monoblock; without armrest; Gray",5.02.03.210.02,"Semi-Expendable ME - Office Equipment",AADM,"Libertad Extension Campus",0,0,excluded
84,2026-05-03.210-0013-CIT,,semi_expendable,"Monoblock: Harvard Type",5.02.03.210.02,"Semi-Expendable ME - Office Equipment",AADM,"College of Industrial Technology",11,46,excluded
20,2026-05-03.210-0013-LEC,,semi_expendable,"Monoblock; without armrest; Gray",5.02.03.210.02,"Semi-Expendable ME - Office Equipment",AADM,"Libertad Extension Campus",0,0,excluded
85,2026-05-03.210-0014-CIT,,semi_expendable,"Monoblock: Harvard Type",5.02.03.210.02,"Semi-Expendable ME - Office Equipment",AADM,"College of Industrial Technology",11,46,excluded
21,2026-05-03.210-0014-LEC,,semi_expendable,"Monoblock; without armrest; Gray",5.02.03.210.02,"Semi-Expendable ME - Office Equipment",AADM,"Libertad Extension Campus",0,0,excluded
86,2026-05-03.210-0015-CIT,,semi_expendable,"Monoblock: Harvard Type",5.02.03.210.02,"Semi-Expendable ME - Office Equipment",AADM,"College of Industrial Technology",11,46,excluded
22,2026-05-03.210-0015-LEC,,semi_expendable,"Monoblock; without armrest; Gray",5.02.03.210.02,"Semi-Expendable ME - Office Equipment",AADM,"Libertad Extension Campus",0,0,excluded
87,2026-05-03.210-0016-CIT,,semi_expendable,"Monoblock: Harvard Type",5.02.03.210.02,"Semi-Expendable ME - Office Equipment",AADM,"College of Industrial Technology",11,46,excluded
23,2026-05-03.210-0016-LEC,,semi_expendable,"Monoblock; without armrest; Gray",5.02.03.210.02,"Semi-Expendable ME - Office Equipment",AADM,"Libertad Extension Campus",0,0,excluded
88,2026-05-03.210-0017-CIT,,semi_expendable,"Monoblock: Harvard Type",5.02.03.210.02,"Semi-Expendable ME - Office Equipment",AADM,"College of Industrial Technology",11,46,excluded
24,2026-05-03.210-0017-LEC,,semi_expendable,"Monoblock; without armrest; Gray",5.02.03.210.02,"Semi-Expendable ME - Office Equipment",AADM,"Libertad Extension Campus",0,0,excluded
89,2026-05-03.210-0018-CIT,,semi_expendable,"Monoblock: Harvard Type",5.02.03.210.02,"Semi-Expendable ME - Office Equipment",AADM,"College of Industrial Technology",11,46,excluded
25,2026-05-03.210-0018-LEC,,semi_expendable,"Monoblock; without armrest; Gray",5.02.03.210.02,"Semi-Expendable ME - Office Equipment",AADM,"Libertad Extension Campus",0,0,excluded
90,2026-05-03.210-0019-CIT,,semi_expendable,"Monoblock: Harvard Type",5.02.03.210.02,"Semi-Expendable ME - Office Equipment",AADM,"College of Industrial Technology",11,46,excluded
26,2026-05-03.210-0019-LEC,,semi_expendable,"Monoblock; without armrest; Gray",5.02.03.210.02,"Semi-Expendable ME - Office Equipment",AADM,"Libertad Extension Campus",0,0,excluded
91,2026-05-03.210-0020-CIT,,semi_expendable,"Monoblock: Harvard Type",5.02.03.210.02,"Semi-Expendable ME - Office Equipment",AADM,"College of Industrial Technology",11,46,excluded
27,2026-05-03.210-0020-LEC,,semi_expendable,"Monoblock; without armrest; Gray",5.02.03.210.02,"Semi-Expendable ME - Office Equipment",AADM,"Libertad Extension Campus",0,0,excluded
92,2026-05-03.210-0021-CIT,,semi_expendable,"Monoblock: Harvard Type",5.02.03.210.02,"Semi-Expendable ME - Office Equipment",AADM,"College of Industrial Technology",11,46,excluded
28,2026-05-03.210-0021-LEC,,semi_expendable,"Monoblock; without armrest; Gray",5.02.03.210.02,"Semi-Expendable ME - Office Equipment",AADM,"Libertad Extension Campus",0,0,excluded
93,2026-05-03.210-0022-CIT,,semi_expendable,"Monoblock: Harvard Type",5.02.03.210.02,"Semi-Expendable ME - Office Equipment",AADM,"College of Industrial Technology",11,46,excluded
29,2026-05-03.210-0022-LEC,,semi_expendable,"Monoblock; without armrest; Gray",5.02.03.210.02,"Semi-Expendable ME - Office Equipment",AADM,"Libertad Extension Campus",0,0,excluded
94,2026-05-03.210-0023-CIT,,semi_expendable,"Monoblock: Harvard Type",5.02.03.210.02,"Semi-Expendable ME - Office Equipment",AADM,"College of Industrial Technology",11,46,excluded
30,2026-05-03.210-0023-LEC,,semi_expendable,"Monoblock; without armrest; Gray",5.02.03.210.02,"Semi-Expendable ME - Office Equipment",AADM,"Libertad Extension Campus",0,0,excluded
95,2026-05-03.210-0024-CIT,,semi_expendable,"Monoblock: Harvard Type",5.02.03.210.02,"Semi-Expendable ME - Office Equipment",AADM,"College of Industrial Technology",11,46,excluded
31,2026-05-03.210-0024-LEC,,semi_expendable,"Monoblock; without armrest; Gray",5.02.03.210.02,"Semi-Expendable ME - Office Equipment",AADM,"Libertad Extension Campus",0,0,excluded
96,2026-05-03.210-0025-CIT,,semi_expendable,"Monoblock: Harvard Type",5.02.03.210.02,"Semi-Expendable ME - Office Equipment",AADM,"College of Industrial Technology",11,46,excluded
32,2026-05-03.210-0025-LEC,,semi_expendable,"Monoblock; without armrest; Gray",5.02.03.210.02,"Semi-Expendable ME - Office Equipment",AADM,"Libertad Extension Campus",0,0,excluded
97,2026-05-03.210-0026-CIT,,semi_expendable,"Monoblock: Harvard Type",5.02.03.210.02,"Semi-Expendable ME - Office Equipment",AADM,"College of Industrial Technology",11,46,excluded
33,2026-05-03.210-0026-LEC,,semi_expendable,"Monoblock; without armrest; Gray",5.02.03.210.02,"Semi-Expendable ME - Office Equipment",AADM,"Libertad Extension Campus",0,0,excluded
98,2026-05-03.210-0027-CIT,,semi_expendable,"Monoblock: Harvard Type",5.02.03.210.02,"Semi-Expendable ME - Office Equipment",AADM,"College of Industrial Technology",11,46,excluded
34,2026-05-03.210-0027-LEC,,semi_expendable,"Monoblock; without armrest; Gray",5.02.03.210.02,"Semi-Expendable ME - Office Equipment",AADM,"Libertad Extension Campus",0,0,excluded
99,2026-05-03.210-0028-CIT,,semi_expendable,"Monoblock: Harvard Type",5.02.03.210.02,"Semi-Expendable ME - Office Equipment",AADM,"College of Industrial Technology",11,46,excluded
35,2026-05-03.210-0028-LEC,,semi_expendable,"Monoblock; without armrest; Gray",5.02.03.210.02,"Semi-Expendable ME - Office Equipment",AADM,"Libertad Extension Campus",0,0,excluded
100,2026-05-03.210-0029-CIT,,semi_expendable,"Monoblock: Harvard Type",5.02.03.210.02,"Semi-Expendable ME - Office Equipment",AADM,"College of Industrial Technology",11,46,excluded
36,2026-05-03.210-0029-LEC,,semi_expendable,"Monoblock; without armrest; Gray",5.02.03.210.02,"Semi-Expendable ME - Office Equipment",AADM,"Libertad Extension Campus",0,0,excluded
101,2026-05-03.210-0030-CIT,,semi_expendable,"Monoblock: Harvard Type",5.02.03.210.02,"Semi-Expendable ME - Office Equipment",AADM,"College of Industrial Technology",11,46,excluded
37,2026-05-03.210-0030-LEC,,semi_expendable,"Monoblock; without armrest; Gray",5.02.03.210.02,"Semi-Expendable ME - Office Equipment",AADM,"Libertad Extension Campus",0,0,excluded
102,2026-05-03.210-0031-CIT,,semi_expendable,"Monoblock: Harvard Type",5.02.03.210.02,"Semi-Expendable ME - Office Equipment",AADM,"College of Industrial Technology",11,46,excluded
38,2026-05-03.210-0031-LEC,,semi_expendable,"Monoblock; without armrest; Gray",5.02.03.210.02,"Semi-Expendable ME - Office Equipment",AADM,"Libertad Extension Campus",0,0,excluded
103,2026-05-03.210-0032-CIT,,semi_expendable,"Monoblock: Harvard Type",5.02.03.210.02,"Semi-Expendable ME - Office Equipment",AADM,"College of Industrial Technology",11,46,excluded
39,2026-05-03.210-0032-LEC,,semi_expendable,"Monoblock; without armrest; Gray",5.02.03.210.02,"Semi-Expendable ME - Office Equipment",AADM,"Libertad Extension Campus",0,0,excluded
104,2026-05-03.210-0033-CIT,,semi_expendable,"Monoblock: Harvard Type",5.02.03.210.02,"Semi-Expendable ME - Office Equipment",AADM,"College of Industrial Technology",11,46,excluded
40,2026-05-03.210-0033-LEC,,semi_expendable,"Monoblock; without armrest; Gray",5.02.03.210.02,"Semi-Expendable ME - Office Equipment",AADM,"Libertad Extension Campus",0,0,excluded
105,2026-05-03.210-0034-CIT,,semi_expendable,"Monoblock: Harvard Type",5.02.03.210.02,"Semi-Expendable ME - Office Equipment",AADM,"College of Industrial Technology",11,46,excluded
41,2026-05-03.210-0034-LEC,,semi_expendable,"Monoblock; without armrest; Gray",5.02.03.210.02,"Semi-Expendable ME - Office Equipment",AADM,"Libertad Extension Campus",0,0,excluded
106,2026-05-03.210-0035-CIT,,semi_expendable,"Monoblock: Harvard Type",5.02.03.210.02,"Semi-Expendable ME - Office Equipment",AADM,"College of Industrial Technology",11,46,excluded
42,2026-05-03.210-0035-LEC,,semi_expendable,"Monoblock; without armrest; Gray",5.02.03.210.02,"Semi-Expendable ME - Office Equipment",AADM,"Libertad Extension Campus",0,0,excluded
107,2026-05-03.210-0036-CIT,,semi_expendable,"Monoblock: Harvard Type",5.02.03.210.02,"Semi-Expendable ME - Office Equipment",AADM,"College of Industrial Technology",11,46,excluded
43,2026-05-03.210-0036-LEC,,semi_expendable,"Monoblock; without armrest; Gray",5.02.03.210.02,"Semi-Expendable ME - Office Equipment",AADM,"Libertad Extension Campus",0,0,excluded
108,2026-05-03.210-0037-CIT,,semi_expendable,"Monoblock: Harvard Type",5.02.03.210.02,"Semi-Expendable ME - Office Equipment",AADM,"College of Industrial Technology",11,46,excluded
44,2026-05-03.210-0037-LEC,,semi_expendable,"Monoblock; without armrest; Gray",5.02.03.210.02,"Semi-Expendable ME - Office Equipment",AADM,"Libertad Extension Campus",0,0,excluded
109,2026-05-03.210-0038-CIT,,semi_expendable,"Monoblock: Harvard Type",5.02.03.210.02,"Semi-Expendable ME - Office Equipment",AADM,"College of Industrial Technology",11,46,excluded
45,2026-05-03.210-0038-LEC,,semi_expendable,"Monoblock; without armrest; Gray",5.02.03.210.02,"Semi-Expendable ME - Office Equipment",AADM,"Libertad Extension Campus",0,0,excluded
110,2026-05-03.210-0039-CIT,,semi_expendable,"Monoblock: Harvard Type",5.02.03.210.02,"Semi-Expendable ME - Office Equipment",AADM,"College of Industrial Technology",11,46,excluded
46,2026-05-03.210-0039-LEC,,semi_expendable,"Monoblock; without armrest; Gray",5.02.03.210.02,"Semi-Expendable ME - Office Equipment",AADM,"Libertad Extension Campus",0,0,excluded
111,2026-05-03.210-0040-CIT,,semi_expendable,"Monoblock: Harvard Type",5.02.03.210.02,"Semi-Expendable ME - Office Equipment",AADM,"College of Industrial Technology",11,46,excluded
47,2026-05-03.210-0040-LEC,,semi_expendable,"Monoblock; without armrest; Gray",5.02.03.210.02,"Semi-Expendable ME - Office Equipment",AADM,"Libertad Extension Campus",0,0,excluded
112,2026-05-03.210-0041-CIT,,semi_expendable,"Monoblock: Harvard Type",5.02.03.210.02,"Semi-Expendable ME - Office Equipment",AADM,"College of Industrial Technology",11,46,excluded
48,2026-05-03.210-0041-LEC,,semi_expendable,"Monoblock; without armrest; Gray",5.02.03.210.02,"Semi-Expendable ME - Office Equipment",AADM,"Libertad Extension Campus",0,0,excluded
113,2026-05-03.210-0042-CIT,,semi_expendable,"Monoblock: Harvard Type",5.02.03.210.02,"Semi-Expendable ME - Office Equipment",AADM,"College of Industrial Technology",11,46,excluded
49,2026-05-03.210-0042-LEC,,semi_expendable,"Monoblock; without armrest; Gray",5.02.03.210.02,"Semi-Expendable ME - Office Equipment",AADM,"Libertad Extension Campus",0,0,excluded
114,2026-05-03.210-0043-CIT,,semi_expendable,"Monoblock: Harvard Type",5.02.03.210.02,"Semi-Expendable ME - Office Equipment",AADM,"College of Industrial Technology",11,46,excluded
50,2026-05-03.210-0043-LEC,,semi_expendable,"Monoblock; without armrest; Gray",5.02.03.210.02,"Semi-Expendable ME - Office Equipment",AADM,"Libertad Extension Campus",0,0,excluded
115,2026-05-03.210-0044-CIT,,semi_expendable,"Monoblock: Harvard Type",5.02.03.210.02,"Semi-Expendable ME - Office Equipment",AADM,"College of Industrial Technology",11,46,excluded
51,2026-05-03.210-0044-LEC,,semi_expendable,"Monoblock; without armrest; Gray",5.02.03.210.02,"Semi-Expendable ME - Office Equipment",AADM,"Libertad Extension Campus",0,0,excluded
116,2026-05-03.210-0045-CIT,,semi_expendable,"Monoblock: Harvard Type",5.02.03.210.02,"Semi-Expendable ME - Office Equipment",AADM,"College of Industrial Technology",11,46,excluded
52,2026-05-03.210-0045-LEC,,semi_expendable,"Monoblock; without armrest; Gray",5.02.03.210.02,"Semi-Expendable ME - Office Equipment",AADM,"Libertad Extension Campus",0,0,excluded
117,2026-05-03.210-0046-CIT,,semi_expendable,"Monoblock: Harvard Type",5.02.03.210.02,"Semi-Expendable ME - Office Equipment",AADM,"College of Industrial Technology",11,46,excluded
53,2026-05-03.210-0046-LEC,,semi_expendable,"Monoblock; without armrest; Gray",5.02.03.210.02,"Semi-Expendable ME - Office Equipment",AADM,"Libertad Extension Campus",0,0,excluded
118,2026-05-03.210-0047-CIT,,semi_expendable,"Monoblock: Harvard Type",5.02.03.210.02,"Semi-Expendable ME - Office Equipment",AADM,"College of Industrial Technology",11,46,excluded
54,2026-05-03.210-0047-LEC,,semi_expendable,"Monoblock; without armrest; Gray",5.02.03.210.02,"Semi-Expendable ME - Office Equipment",AADM,"Libertad Extension Campus",0,0,excluded
119,2026-05-03.210-0048-CIT,,semi_expendable,"Monoblock: Harvard Type",5.02.03.210.02,"Semi-Expendable ME - Office Equipment",AADM,"College of Industrial Technology",11,46,excluded
55,2026-05-03.210-0048-LEC,,semi_expendable,"Monoblock; without armrest; Gray",5.02.03.210.02,"Semi-Expendable ME - Office Equipment",AADM,"Libertad Extension Campus",0,0,excluded
120,2026-05-03.210-0049-CIT,,semi_expendable,"Monoblock: Harvard Type",5.02.03.210.02,"Semi-Expendable ME - Office Equipment",AADM,"College of Industrial Technology",11,46,excluded
56,2026-05-03.210-0049-LEC,,semi_expendable,"Monoblock; without armrest; Gray",5.02.03.210.02,"Semi-Expendable ME - Office Equipment",AADM,"Libertad Extension Campus",0,0,excluded
121,2026-05-03.210-0050-CIT,,semi_expendable,"Monoblock: Harvard Type",5.02.03.210.02,"Semi-Expendable ME - Office Equipment",AADM,"College of Industrial Technology",11,46,excluded
57,2026-05-03.210-0050-LEC,,semi_expendable,"Monoblock; without armrest; Gray",5.02.03.210.02,"Semi-Expendable ME - Office Equipment",AADM,"Libertad Extension Campus",0,0,excluded
122,2026-05-03.210-0051-CIT,,semi_expendable,"Monoblock: Harvard Type",5.02.03.210.02,"Semi-Expendable ME - Office Equipment",AADM,"College of Industrial Technology",11,46,excluded
492,2026-05-03.210-0051-LEC,,semi_expendable,"w/ armrest; Ergonomic High-Back Mesh; headrest: mesh (H/angle adj.); Lumbar Support; Armrest: Up/Down PU; Seat: Foam Cushion (H-Adj/Tilt-Lock); Base: High-Strength PA; Gaslift: 100mm Class 3; Cap: 120kg; Color: Black",5.02.03.210.02,"Semi-Expendable ME - Office Equipment",AADM,"Libertad Extension Campus",0,0,excluded
123,2026-05-03.210-0052-CIT,,semi_expendable,"Monoblock: Harvard Type",5.02.03.210.02,"Semi-Expendable ME - Office Equipment",AADM,"College of Industrial Technology",11,46,excluded
514,2026-05-03.210-0052-LEC,MLA122403300032809,semi_expendable,"Hot & cold, with Cabinet",5.02.03.210.01,"Semi-Expendable ME - Machinery",AADM,"Libertad Extension Campus",0,0,excluded
124,2026-05-03.210-0053-CIT,,semi_expendable,"Monoblock: Harvard Type",5.02.03.210.02,"Semi-Expendable ME - Office Equipment",AADM,"College of Industrial Technology",11,46,excluded
515,2026-05-03.210-0053-LEC,MLA062511300041015,semi_expendable,"Hot & cold, with Cabinet",5.02.03.210.01,"Semi-Expendable ME - Machinery",AADM,"Libertad Extension Campus",0,0,excluded
125,2026-05-03.210-0054-CIT,,semi_expendable,"Monoblock: Harvard Type",5.02.03.210.02,"Semi-Expendable ME - Office Equipment",AADM,"College of Industrial Technology",11,46,excluded
126,2026-05-03.210-0055-CIT,,semi_expendable,"Monoblock: Harvard Type",5.02.03.210.02,"Semi-Expendable ME - Office Equipment",AADM,"College of Industrial Technology",11,46,excluded
127,2026-05-03.210-0056-CIT,,semi_expendable,"Monoblock: Harvard Type",5.02.03.210.02,"Semi-Expendable ME - Office Equipment",AADM,"College of Industrial Technology",11,46,excluded
128,2026-05-03.210-0057-CIT,,semi_expendable,"Monoblock: Harvard Type",5.02.03.210.02,"Semi-Expendable ME - Office Equipment",AADM,"College of Industrial Technology",11,46,excluded
129,2026-05-03.210-0058-CIT,,semi_expendable,"Monoblock: Harvard Type",5.02.03.210.02,"Semi-Expendable ME - Office Equipment",AADM,"College of Industrial Technology",11,46,excluded
130,2026-05-03.210-0059-CIT,,semi_expendable,"Monoblock: Harvard Type",5.02.03.210.02,"Semi-Expendable ME - Office Equipment",AADM,"College of Industrial Technology",11,46,excluded
131,2026-05-03.210-0060-CIT,,semi_expendable,"Monoblock: Harvard Type",5.02.03.210.02,"Semi-Expendable ME - Office Equipment",AADM,"College of Industrial Technology",11,46,excluded
132,2026-05-03.210-0061-CIT,,semi_expendable,"Monoblock: Harvard Type",5.02.03.210.02,"Semi-Expendable ME - Office Equipment",AADM,"College of Industrial Technology",11,46,excluded
133,2026-05-03.210-0062-CIT,,semi_expendable,"Monoblock: Harvard Type",5.02.03.210.02,"Semi-Expendable ME - Office Equipment",AADM,"College of Industrial Technology",11,46,excluded
134,2026-05-03.210-0063-CIT,,semi_expendable,"Monoblock: Harvard Type",5.02.03.210.02,"Semi-Expendable ME - Office Equipment",AADM,"College of Industrial Technology",11,46,excluded
135,2026-05-03.210-0064-CIT,,semi_expendable,"Monoblock: Harvard Type",5.02.03.210.02,"Semi-Expendable ME - Office Equipment",AADM,"College of Industrial Technology",11,46,excluded
136,2026-05-03.210-0065-CIT,,semi_expendable,"Monoblock: Harvard Type",5.02.03.210.02,"Semi-Expendable ME - Office Equipment",AADM,"College of Industrial Technology",11,46,excluded
137,2026-05-03.210-0066-CIT,,semi_expendable,"Monoblock: Harvard Type",5.02.03.210.02,"Semi-Expendable ME - Office Equipment",AADM,"College of Industrial Technology",11,46,excluded
138,2026-05-03.210-0067-CIT,,semi_expendable,"Monoblock: Harvard Type",5.02.03.210.02,"Semi-Expendable ME - Office Equipment",AADM,"College of Industrial Technology",11,46,excluded
139,2026-05-03.210-0068-CIT,,semi_expendable,"Monoblock: Harvard Type",5.02.03.210.02,"Semi-Expendable ME - Office Equipment",AADM,"College of Industrial Technology",11,46,excluded
140,2026-05-03.210-0069-CIT,,semi_expendable,"Monoblock: Harvard Type",5.02.03.210.02,"Semi-Expendable ME - Office Equipment",AADM,"College of Industrial Technology",11,46,excluded
141,2026-05-03.210-0070-CIT,,semi_expendable,"Monoblock: Harvard Type",5.02.03.210.02,"Semi-Expendable ME - Office Equipment",AADM,"College of Industrial Technology",11,46,excluded
142,2026-05-03.210-0071-CIT,,semi_expendable,"Monoblock: Harvard Type",5.02.03.210.02,"Semi-Expendable ME - Office Equipment",AADM,"College of Industrial Technology",11,46,excluded
143,2026-05-03.210-0072-CIT,,semi_expendable,"Monoblock: Harvard Type",5.02.03.210.02,"Semi-Expendable ME - Office Equipment",AADM,"College of Industrial Technology",11,46,excluded
144,2026-05-03.210-0073-CIT,,semi_expendable,"Monoblock: Harvard Type",5.02.03.210.02,"Semi-Expendable ME - Office Equipment",AADM,"College of Industrial Technology",11,46,excluded
145,2026-05-03.210-0074-CIT,,semi_expendable,"Monoblock: Harvard Type",5.02.03.210.02,"Semi-Expendable ME - Office Equipment",AADM,"College of Industrial Technology",11,46,excluded
146,2026-05-03.210-0075-CIT,,semi_expendable,"Monoblock: Harvard Type",5.02.03.210.02,"Semi-Expendable ME - Office Equipment",AADM,"College of Industrial Technology",11,46,excluded
147,2026-05-03.210-0076-CIT,,semi_expendable,"Monoblock: Harvard Type",5.02.03.210.02,"Semi-Expendable ME - Office Equipment",AADM,"College of Industrial Technology",11,46,excluded
148,2026-05-03.210-0077-CIT,,semi_expendable,"Monoblock: Harvard Type",5.02.03.210.02,"Semi-Expendable ME - Office Equipment",AADM,"College of Industrial Technology",11,46,excluded
149,2026-05-03.210-0078-CIT,,semi_expendable,"Monoblock: Harvard Type",5.02.03.210.02,"Semi-Expendable ME - Office Equipment",AADM,"College of Industrial Technology",11,46,excluded
150,2026-05-03.210-0079-CIT,,semi_expendable,"Monoblock: Harvard Type",5.02.03.210.02,"Semi-Expendable ME - Office Equipment",AADM,"College of Industrial Technology",11,46,excluded
151,2026-05-03.210-0080-CIT,,semi_expendable,"Monoblock: Harvard Type",5.02.03.210.02,"Semi-Expendable ME - Office Equipment",AADM,"College of Industrial Technology",11,46,excluded
152,2026-05-03.210-0081-CIT,,semi_expendable,"Monoblock: Harvard Type",5.02.03.210.02,"Semi-Expendable ME - Office Equipment",AADM,"College of Industrial Technology",11,46,excluded
153,2026-05-03.210-0082-CIT,,semi_expendable,"Monoblock: Harvard Type",5.02.03.210.02,"Semi-Expendable ME - Office Equipment",AADM,"College of Industrial Technology",11,46,excluded
154,2026-05-03.210-0083-CIT,,semi_expendable,"Monoblock: Harvard Type",5.02.03.210.02,"Semi-Expendable ME - Office Equipment",AADM,"College of Industrial Technology",11,46,excluded
155,2026-05-03.210-0084-CIT,,semi_expendable,"Monoblock: Harvard Type",5.02.03.210.02,"Semi-Expendable ME - Office Equipment",AADM,"College of Industrial Technology",11,46,excluded
156,2026-05-03.210-0085-CIT,,semi_expendable,"Monoblock: Harvard Type",5.02.03.210.02,"Semi-Expendable ME - Office Equipment",AADM,"College of Industrial Technology",11,46,excluded
157,2026-05-03.210-0086-CIT,,semi_expendable,"Monoblock: Harvard Type",5.02.03.210.02,"Semi-Expendable ME - Office Equipment",AADM,"College of Industrial Technology",11,46,excluded
158,2026-05-03.210-0087-CIT,,semi_expendable,"Monoblock: Harvard Type",5.02.03.210.02,"Semi-Expendable ME - Office Equipment",AADM,"College of Industrial Technology",11,46,excluded
159,2026-05-03.210-0088-CIT,,semi_expendable,"Monoblock: Harvard Type",5.02.03.210.02,"Semi-Expendable ME - Office Equipment",AADM,"College of Industrial Technology",11,46,excluded
160,2026-05-03.210-0089-CIT,,semi_expendable,"Monoblock: Harvard Type",5.02.03.210.02,"Semi-Expendable ME - Office Equipment",AADM,"College of Industrial Technology",11,46,excluded
161,2026-05-03.210-0090-CIT,,semi_expendable,"Monoblock: Harvard Type",5.02.03.210.02,"Semi-Expendable ME - Office Equipment",AADM,"College of Industrial Technology",11,46,excluded
162,2026-05-03.210-0091-CIT,,semi_expendable,"Monoblock: Harvard Type",5.02.03.210.02,"Semi-Expendable ME - Office Equipment",AADM,"College of Industrial Technology",11,46,excluded
163,2026-05-03.210-0092-CIT,,semi_expendable,"Monoblock: Harvard Type",5.02.03.210.02,"Semi-Expendable ME - Office Equipment",AADM,"College of Industrial Technology",11,46,excluded
164,2026-05-03.210-0093-CIT,,semi_expendable,"Monoblock: Harvard Type",5.02.03.210.02,"Semi-Expendable ME - Office Equipment",AADM,"College of Industrial Technology",11,46,excluded
165,2026-05-03.210-0094-CIT,,semi_expendable,"Monoblock: Harvard Type",5.02.03.210.02,"Semi-Expendable ME - Office Equipment",AADM,"College of Industrial Technology",11,46,excluded
166,2026-05-03.210-0095-CIT,,semi_expendable,"Monoblock: Harvard Type",5.02.03.210.02,"Semi-Expendable ME - Office Equipment",AADM,"College of Industrial Technology",11,46,excluded
167,2026-05-03.210-0096-CIT,,semi_expendable,"Monoblock: Harvard Type",5.02.03.210.02,"Semi-Expendable ME - Office Equipment",AADM,"College of Industrial Technology",11,46,excluded
168,2026-05-03.210-0097-CIT,,semi_expendable,"Monoblock: Harvard Type",5.02.03.210.02,"Semi-Expendable ME - Office Equipment",AADM,"College of Industrial Technology",11,46,excluded
169,2026-05-03.210-0098-CIT,,semi_expendable,"Monoblock: Harvard Type",5.02.03.210.02,"Semi-Expendable ME - Office Equipment",AADM,"College of Industrial Technology",11,46,excluded
170,2026-05-03.210-0099-CIT,,semi_expendable,"Monoblock: Harvard Type",5.02.03.210.02,"Semi-Expendable ME - Office Equipment",AADM,"College of Industrial Technology",11,46,excluded
171,2026-05-03.210-0100-CIT,,semi_expendable,"Monoblock: Harvard Type",5.02.03.210.02,"Semi-Expendable ME - Office Equipment",AADM,"College of Industrial Technology",11,46,excluded
172,2026-05-03.210-0101-CIT,,semi_expendable,"Monoblock: Harvard Type",5.02.03.210.02,"Semi-Expendable ME - Office Equipment",AADM,"College of Industrial Technology",11,46,excluded
173,2026-05-03.210-0102-CIT,,semi_expendable,"Monoblock: Harvard Type",5.02.03.210.02,"Semi-Expendable ME - Office Equipment",AADM,"College of Industrial Technology",11,46,excluded
174,2026-05-03.210-0103-CIT,,semi_expendable,"Monoblock: Harvard Type",5.02.03.210.02,"Semi-Expendable ME - Office Equipment",AADM,"College of Industrial Technology",11,46,excluded
175,2026-05-03.210-0104-CIT,,semi_expendable,"Monoblock: Harvard Type",5.02.03.210.02,"Semi-Expendable ME - Office Equipment",AADM,"College of Industrial Technology",11,46,excluded
176,2026-05-03.210-0105-CIT,,semi_expendable,"Monoblock: Harvard Type",5.02.03.210.02,"Semi-Expendable ME - Office Equipment",AADM,"College of Industrial Technology",11,46,excluded
177,2026-05-03.210-0106-CIT,,semi_expendable,"Monoblock: Harvard Type",5.02.03.210.02,"Semi-Expendable ME - Office Equipment",AADM,"College of Industrial Technology",11,46,excluded
178,2026-05-03.210-0107-CIT,,semi_expendable,"Monoblock: Harvard Type",5.02.03.210.02,"Semi-Expendable ME - Office Equipment",AADM,"College of Industrial Technology",11,46,excluded
179,2026-05-03.210-0108-CIT,,semi_expendable,"Monoblock: Harvard Type",5.02.03.210.02,"Semi-Expendable ME - Office Equipment",AADM,"College of Industrial Technology",11,46,excluded
180,2026-05-03.210-0109-CIT,,semi_expendable,"Monoblock: Harvard Type",5.02.03.210.02,"Semi-Expendable ME - Office Equipment",AADM,"College of Industrial Technology",11,46,excluded
181,2026-05-03.210-0110-CIT,,semi_expendable,"Monoblock: Harvard Type",5.02.03.210.02,"Semi-Expendable ME - Office Equipment",AADM,"College of Industrial Technology",11,46,excluded
182,2026-05-03.210-0111-CIT,,semi_expendable,"Monoblock: Harvard Type",5.02.03.210.02,"Semi-Expendable ME - Office Equipment",AADM,"College of Industrial Technology",11,46,excluded
183,2026-05-03.210-0112-CIT,,semi_expendable,"Monoblock: Harvard Type",5.02.03.210.02,"Semi-Expendable ME - Office Equipment",AADM,"College of Industrial Technology",11,46,excluded
184,2026-05-03.210-0113-CIT,,semi_expendable,"Monoblock: Harvard Type",5.02.03.210.02,"Semi-Expendable ME - Office Equipment",AADM,"College of Industrial Technology",11,46,excluded
185,2026-05-03.210-0114-CIT,,semi_expendable,"Monoblock: Harvard Type",5.02.03.210.02,"Semi-Expendable ME - Office Equipment",AADM,"College of Industrial Technology",11,46,excluded
186,2026-05-03.210-0115-CIT,,semi_expendable,"Monoblock: Harvard Type",5.02.03.210.02,"Semi-Expendable ME - Office Equipment",AADM,"College of Industrial Technology",11,46,excluded
187,2026-05-03.210-0116-CIT,,semi_expendable,"Monoblock: Harvard Type",5.02.03.210.02,"Semi-Expendable ME - Office Equipment",AADM,"College of Industrial Technology",11,46,excluded
188,2026-05-03.210-0117-CIT,,semi_expendable,"Monoblock: Harvard Type",5.02.03.210.02,"Semi-Expendable ME - Office Equipment",AADM,"College of Industrial Technology",11,46,excluded
189,2026-05-03.210-0118-CIT,,semi_expendable,"Monoblock: Harvard Type",5.02.03.210.02,"Semi-Expendable ME - Office Equipment",AADM,"College of Industrial Technology",11,46,excluded
190,2026-05-03.210-0119-CIT,,semi_expendable,"Monoblock: Harvard Type",5.02.03.210.02,"Semi-Expendable ME - Office Equipment",AADM,"College of Industrial Technology",11,46,excluded
191,2026-05-03.210-0120-CIT,,semi_expendable,"Monoblock: Harvard Type",5.02.03.210.02,"Semi-Expendable ME - Office Equipment",AADM,"College of Industrial Technology",11,46,excluded
192,2026-05-03.210-0121-CIT,,semi_expendable,"Monoblock: Harvard Type",5.02.03.210.02,"Semi-Expendable ME - Office Equipment",AADM,"College of Industrial Technology",11,46,excluded
193,2026-05-03.210-0122-CIT,,semi_expendable,"Monoblock: Harvard Type",5.02.03.210.02,"Semi-Expendable ME - Office Equipment",AADM,"College of Industrial Technology",11,46,excluded
194,2026-05-03.210-0123-CIT,,semi_expendable,"Monoblock: Harvard Type",5.02.03.210.02,"Semi-Expendable ME - Office Equipment",AADM,"College of Industrial Technology",11,46,excluded
195,2026-05-03.210-0124-CIT,,semi_expendable,"Monoblock: Harvard Type",5.02.03.210.02,"Semi-Expendable ME - Office Equipment",AADM,"College of Industrial Technology",11,46,excluded
196,2026-05-03.210-0125-CIT,,semi_expendable,"Monoblock: Harvard Type",5.02.03.210.02,"Semi-Expendable ME - Office Equipment",AADM,"College of Industrial Technology",11,46,excluded
197,2026-05-03.210-0126-CIT,,semi_expendable,"Monoblock: Harvard Type",5.02.03.210.02,"Semi-Expendable ME - Office Equipment",AADM,"College of Industrial Technology",11,46,excluded
198,2026-05-03.210-0127-CIT,,semi_expendable,"Monoblock: Harvard Type",5.02.03.210.02,"Semi-Expendable ME - Office Equipment",AADM,"College of Industrial Technology",11,46,excluded
199,2026-05-03.210-0128-CIT,,semi_expendable,"Monoblock: Harvard Type",5.02.03.210.02,"Semi-Expendable ME - Office Equipment",AADM,"College of Industrial Technology",11,46,excluded
200,2026-05-03.210-0129-CIT,,semi_expendable,"Monoblock: Harvard Type",5.02.03.210.02,"Semi-Expendable ME - Office Equipment",AADM,"College of Industrial Technology",11,46,excluded
201,2026-05-03.210-0130-CIT,,semi_expendable,"Monoblock: Harvard Type",5.02.03.210.02,"Semi-Expendable ME - Office Equipment",AADM,"College of Industrial Technology",11,46,excluded
202,2026-05-03.210-0131-CIT,,semi_expendable,"Monoblock: Harvard Type",5.02.03.210.02,"Semi-Expendable ME - Office Equipment",AADM,"College of Industrial Technology",11,46,excluded
203,2026-05-03.210-0132-CIT,,semi_expendable,"Monoblock: Harvard Type",5.02.03.210.02,"Semi-Expendable ME - Office Equipment",AADM,"College of Industrial Technology",11,46,excluded
204,2026-05-03.210-0133-CIT,,semi_expendable,"Monoblock: Harvard Type",5.02.03.210.02,"Semi-Expendable ME - Office Equipment",AADM,"College of Industrial Technology",11,46,excluded
205,2026-05-03.210-0134-CIT,,semi_expendable,"Monoblock: Harvard Type",5.02.03.210.02,"Semi-Expendable ME - Office Equipment",AADM,"College of Industrial Technology",11,46,excluded
206,2026-05-03.210-0135-CIT,,semi_expendable,"Monoblock: Harvard Type",5.02.03.210.02,"Semi-Expendable ME - Office Equipment",AADM,"College of Industrial Technology",11,46,excluded
207,2026-05-03.210-0136-CIT,,semi_expendable,"Monoblock: Harvard Type",5.02.03.210.02,"Semi-Expendable ME - Office Equipment",AADM,"College of Industrial Technology",11,46,excluded
208,2026-05-03.210-0137-CIT,,semi_expendable,"Monoblock: Harvard Type",5.02.03.210.02,"Semi-Expendable ME - Office Equipment",AADM,"College of Industrial Technology",11,46,excluded
209,2026-05-03.210-0138-CIT,,semi_expendable,"Monoblock: Harvard Type",5.02.03.210.02,"Semi-Expendable ME - Office Equipment",AADM,"College of Industrial Technology",11,46,excluded
210,2026-05-03.210-0139-CIT,,semi_expendable,"Monoblock: Harvard Type",5.02.03.210.02,"Semi-Expendable ME - Office Equipment",AADM,"College of Industrial Technology",11,46,excluded
211,2026-05-03.210-0140-CIT,,semi_expendable,"Monoblock: Harvard Type",5.02.03.210.02,"Semi-Expendable ME - Office Equipment",AADM,"College of Industrial Technology",11,46,excluded
212,2026-05-03.210-0141-CIT,,semi_expendable,"Monoblock: Harvard Type",5.02.03.210.02,"Semi-Expendable ME - Office Equipment",AADM,"College of Industrial Technology",11,46,excluded
213,2026-05-03.210-0142-CIT,,semi_expendable,"Monoblock: Harvard Type",5.02.03.210.02,"Semi-Expendable ME - Office Equipment",AADM,"College of Industrial Technology",11,46,excluded
214,2026-05-03.210-0143-CIT,,semi_expendable,"Monoblock: Harvard Type",5.02.03.210.02,"Semi-Expendable ME - Office Equipment",AADM,"College of Industrial Technology",11,46,excluded
215,2026-05-03.210-0144-CIT,,semi_expendable,"Monoblock: Harvard Type",5.02.03.210.02,"Semi-Expendable ME - Office Equipment",AADM,"College of Industrial Technology",11,46,excluded
216,2026-05-03.210-0145-CIT,,semi_expendable,"Monoblock: Harvard Type",5.02.03.210.02,"Semi-Expendable ME - Office Equipment",AADM,"College of Industrial Technology",11,46,excluded
217,2026-05-03.210-0146-CIT,,semi_expendable,"Monoblock: Harvard Type",5.02.03.210.02,"Semi-Expendable ME - Office Equipment",AADM,"College of Industrial Technology",11,46,excluded
218,2026-05-03.210-0147-CIT,,semi_expendable,"Monoblock: Harvard Type",5.02.03.210.02,"Semi-Expendable ME - Office Equipment",AADM,"College of Industrial Technology",11,46,excluded
219,2026-05-03.210-0148-CIT,,semi_expendable,"Monoblock: Harvard Type",5.02.03.210.02,"Semi-Expendable ME - Office Equipment",AADM,"College of Industrial Technology",11,46,excluded
220,2026-05-03.210-0149-CIT,,semi_expendable,"Monoblock: Harvard Type",5.02.03.210.02,"Semi-Expendable ME - Office Equipment",AADM,"College of Industrial Technology",11,46,excluded
221,2026-05-03.210-0150-CIT,,semi_expendable,"Monoblock: Harvard Type",5.02.03.210.02,"Semi-Expendable ME - Office Equipment",AADM,"College of Industrial Technology",11,46,excluded
222,2026-05-03.210-0151-CIT,,semi_expendable,"Monoblock: Harvard Type",5.02.03.210.02,"Semi-Expendable ME - Office Equipment",AADM,"College of Industrial Technology",11,46,excluded
223,2026-05-03.210-0152-CIT,,semi_expendable,"Monoblock: Harvard Type",5.02.03.210.02,"Semi-Expendable ME - Office Equipment",AADM,"College of Industrial Technology",11,46,excluded
224,2026-05-03.210-0153-CIT,,semi_expendable,"Monoblock: Harvard Type",5.02.03.210.02,"Semi-Expendable ME - Office Equipment",AADM,"College of Industrial Technology",11,46,excluded
225,2026-05-03.210-0154-CIT,,semi_expendable,"Monoblock: Harvard Type",5.02.03.210.02,"Semi-Expendable ME - Office Equipment",AADM,"College of Industrial Technology",11,46,excluded
226,2026-05-03.210-0155-CIT,,semi_expendable,"Monoblock: Harvard Type",5.02.03.210.02,"Semi-Expendable ME - Office Equipment",AADM,"College of Industrial Technology",11,46,excluded
227,2026-05-03.210-0156-CIT,,semi_expendable,"Monoblock: Harvard Type",5.02.03.210.02,"Semi-Expendable ME - Office Equipment",AADM,"College of Industrial Technology",11,46,excluded
228,2026-05-03.210-0157-CIT,,semi_expendable,"Monoblock: Harvard Type",5.02.03.210.02,"Semi-Expendable ME - Office Equipment",AADM,"College of Industrial Technology",11,46,excluded
229,2026-05-03.210-0158-CIT,,semi_expendable,"Monoblock: Harvard Type",5.02.03.210.02,"Semi-Expendable ME - Office Equipment",AADM,"College of Industrial Technology",11,46,excluded
230,2026-05-03.210-0159-CIT,,semi_expendable,"Monoblock: Harvard Type",5.02.03.210.02,"Semi-Expendable ME - Office Equipment",AADM,"College of Industrial Technology",11,46,excluded
231,2026-05-03.210-0160-CIT,,semi_expendable,"Monoblock: Harvard Type",5.02.03.210.02,"Semi-Expendable ME - Office Equipment",AADM,"College of Industrial Technology",11,46,excluded
232,2026-05-03.210-0161-CIT,,semi_expendable,"Monoblock: Harvard Type",5.02.03.210.02,"Semi-Expendable ME - Office Equipment",AADM,"College of Industrial Technology",11,46,excluded
233,2026-05-03.210-0162-CIT,,semi_expendable,"Monoblock: Harvard Type",5.02.03.210.02,"Semi-Expendable ME - Office Equipment",AADM,"College of Industrial Technology",11,46,excluded
234,2026-05-03.210-0163-CIT,,semi_expendable,"Monoblock: Harvard Type",5.02.03.210.02,"Semi-Expendable ME - Office Equipment",AADM,"College of Industrial Technology",11,46,excluded
235,2026-05-03.210-0164-CIT,,semi_expendable,"Monoblock: Harvard Type",5.02.03.210.02,"Semi-Expendable ME - Office Equipment",AADM,"College of Industrial Technology",11,46,excluded
236,2026-05-03.210-0165-CIT,,semi_expendable,"Monoblock: Harvard Type",5.02.03.210.02,"Semi-Expendable ME - Office Equipment",AADM,"College of Industrial Technology",11,46,excluded
237,2026-05-03.210-0166-CIT,,semi_expendable,"Monoblock: Harvard Type",5.02.03.210.02,"Semi-Expendable ME - Office Equipment",AADM,"College of Industrial Technology",11,46,excluded
238,2026-05-03.210-0167-CIT,,semi_expendable,"Monoblock: Harvard Type",5.02.03.210.02,"Semi-Expendable ME - Office Equipment",AADM,"College of Industrial Technology",11,46,excluded
239,2026-05-03.210-0168-CIT,,semi_expendable,"Monoblock: Harvard Type",5.02.03.210.02,"Semi-Expendable ME - Office Equipment",AADM,"College of Industrial Technology",11,46,excluded
240,2026-05-03.210-0169-CIT,,semi_expendable,"Monoblock: Harvard Type",5.02.03.210.02,"Semi-Expendable ME - Office Equipment",AADM,"College of Industrial Technology",11,46,excluded
241,2026-05-03.210-0170-CIT,,semi_expendable,"Monoblock: Harvard Type",5.02.03.210.02,"Semi-Expendable ME - Office Equipment",AADM,"College of Industrial Technology",11,46,excluded
242,2026-05-03.210-0171-CIT,,semi_expendable,"Monoblock: Harvard Type",5.02.03.210.02,"Semi-Expendable ME - Office Equipment",AADM,"College of Industrial Technology",11,46,excluded
243,2026-05-03.210-0172-CIT,,semi_expendable,"Monoblock: Harvard Type",5.02.03.210.02,"Semi-Expendable ME - Office Equipment",AADM,"College of Industrial Technology",11,46,excluded
244,2026-05-03.210-0173-CIT,,semi_expendable,"Monoblock: Harvard Type",5.02.03.210.02,"Semi-Expendable ME - Office Equipment",AADM,"College of Industrial Technology",11,46,excluded
245,2026-05-03.210-0174-CIT,,semi_expendable,"Monoblock: Harvard Type",5.02.03.210.02,"Semi-Expendable ME - Office Equipment",AADM,"College of Industrial Technology",11,46,excluded
246,2026-05-03.210-0175-CIT,,semi_expendable,"Monoblock: Harvard Type",5.02.03.210.02,"Semi-Expendable ME - Office Equipment",AADM,"College of Industrial Technology",11,46,excluded
247,2026-05-03.210-0176-CIT,,semi_expendable,"Monoblock: Harvard Type",5.02.03.210.02,"Semi-Expendable ME - Office Equipment",AADM,"College of Industrial Technology",11,46,excluded
248,2026-05-03.210-0177-CIT,,semi_expendable,"Monoblock: Harvard Type",5.02.03.210.02,"Semi-Expendable ME - Office Equipment",AADM,"College of Industrial Technology",11,46,excluded
249,2026-05-03.210-0178-CIT,,semi_expendable,"Monoblock: Harvard Type",5.02.03.210.02,"Semi-Expendable ME - Office Equipment",AADM,"College of Industrial Technology",11,46,excluded
250,2026-05-03.210-0179-CIT,,semi_expendable,"Monoblock: Harvard Type",5.02.03.210.02,"Semi-Expendable ME - Office Equipment",AADM,"College of Industrial Technology",11,46,excluded
251,2026-05-03.210-0180-CIT,,semi_expendable,"Monoblock: Harvard Type",5.02.03.210.02,"Semi-Expendable ME - Office Equipment",AADM,"College of Industrial Technology",11,46,excluded
252,2026-05-03.210-0181-CIT,,semi_expendable,"Monoblock: Harvard Type",5.02.03.210.02,"Semi-Expendable ME - Office Equipment",AADM,"College of Industrial Technology",11,46,excluded
253,2026-05-03.210-0182-CIT,,semi_expendable,"Monoblock: Harvard Type",5.02.03.210.02,"Semi-Expendable ME - Office Equipment",AADM,"College of Industrial Technology",11,46,excluded
254,2026-05-03.210-0183-CIT,,semi_expendable,"Monoblock: Harvard Type",5.02.03.210.02,"Semi-Expendable ME - Office Equipment",AADM,"College of Industrial Technology",11,46,excluded
255,2026-05-03.210-0184-CIT,,semi_expendable,"Monoblock: Harvard Type",5.02.03.210.02,"Semi-Expendable ME - Office Equipment",AADM,"College of Industrial Technology",11,46,excluded
256,2026-05-03.210-0185-CIT,,semi_expendable,"Monoblock: Harvard Type",5.02.03.210.02,"Semi-Expendable ME - Office Equipment",AADM,"College of Industrial Technology",11,46,excluded
257,2026-05-03.210-0186-CIT,,semi_expendable,"Monoblock: Harvard Type",5.02.03.210.02,"Semi-Expendable ME - Office Equipment",AADM,"College of Industrial Technology",11,46,excluded
258,2026-05-03.210-0187-CIT,,semi_expendable,"Monoblock: Harvard Type",5.02.03.210.02,"Semi-Expendable ME - Office Equipment",AADM,"College of Industrial Technology",11,46,excluded
259,2026-05-03.210-0188-CIT,,semi_expendable,"Monoblock: Harvard Type",5.02.03.210.02,"Semi-Expendable ME - Office Equipment",AADM,"College of Industrial Technology",11,46,excluded
260,2026-05-03.210-0189-CIT,,semi_expendable,"Monoblock: Harvard Type",5.02.03.210.02,"Semi-Expendable ME - Office Equipment",AADM,"College of Industrial Technology",11,46,excluded
261,2026-05-03.210-0190-CIT,,semi_expendable,"Monoblock: Harvard Type",5.02.03.210.02,"Semi-Expendable ME - Office Equipment",AADM,"College of Industrial Technology",11,46,excluded
262,2026-05-03.210-0191-CIT,,semi_expendable,"Monoblock: Harvard Type",5.02.03.210.02,"Semi-Expendable ME - Office Equipment",AADM,"College of Industrial Technology",11,46,excluded
263,2026-05-03.210-0192-CIT,,semi_expendable,"Monoblock: Harvard Type",5.02.03.210.02,"Semi-Expendable ME - Office Equipment",AADM,"College of Industrial Technology",11,46,excluded
264,2026-05-03.210-0193-CIT,,semi_expendable,"Monoblock: Harvard Type",5.02.03.210.02,"Semi-Expendable ME - Office Equipment",AADM,"College of Industrial Technology",11,46,excluded
265,2026-05-03.210-0194-CIT,,semi_expendable,"Monoblock: Harvard Type",5.02.03.210.02,"Semi-Expendable ME - Office Equipment",AADM,"College of Industrial Technology",11,46,excluded
266,2026-05-03.210-0195-CIT,,semi_expendable,"Monoblock: Harvard Type",5.02.03.210.02,"Semi-Expendable ME - Office Equipment",AADM,"College of Industrial Technology",11,46,excluded
267,2026-05-03.210-0196-CIT,,semi_expendable,"Monoblock: Harvard Type",5.02.03.210.02,"Semi-Expendable ME - Office Equipment",AADM,"College of Industrial Technology",11,46,excluded
268,2026-05-03.210-0197-CIT,,semi_expendable,"Monoblock: Harvard Type",5.02.03.210.02,"Semi-Expendable ME - Office Equipment",AADM,"College of Industrial Technology",11,46,excluded
269,2026-05-03.210-0198-CIT,,semi_expendable,"Monoblock: Harvard Type",5.02.03.210.02,"Semi-Expendable ME - Office Equipment",AADM,"College of Industrial Technology",11,46,excluded
270,2026-05-03.210-0199-CIT,,semi_expendable,"Monoblock: Harvard Type",5.02.03.210.02,"Semi-Expendable ME - Office Equipment",AADM,"College of Industrial Technology",11,46,excluded
271,2026-05-03.210-0200-CIT,,semi_expendable,"Monoblock: Harvard Type",5.02.03.210.02,"Semi-Expendable ME - Office Equipment",AADM,"College of Industrial Technology",11,46,excluded
272,2026-05-03.210-0201-CIT,,semi_expendable,"Monoblock: Harvard Type",5.02.03.210.02,"Semi-Expendable ME - Office Equipment",AADM,"College of Industrial Technology",11,46,excluded
273,2026-05-03.210-0202-CIT,,semi_expendable,"Monoblock: Harvard Type",5.02.03.210.02,"Semi-Expendable ME - Office Equipment",AADM,"College of Industrial Technology",11,46,excluded
274,2026-05-03.210-0203-CIT,,semi_expendable,"Monoblock: Harvard Type",5.02.03.210.02,"Semi-Expendable ME - Office Equipment",AADM,"College of Industrial Technology",11,46,excluded
275,2026-05-03.210-0204-CIT,,semi_expendable,"Monoblock: Harvard Type",5.02.03.210.02,"Semi-Expendable ME - Office Equipment",AADM,"College of Industrial Technology",11,46,excluded
276,2026-05-03.210-0205-CIT,,semi_expendable,"Monoblock: Harvard Type",5.02.03.210.02,"Semi-Expendable ME - Office Equipment",AADM,"College of Industrial Technology",11,46,excluded
277,2026-05-03.210-0206-CIT,,semi_expendable,"Monoblock: Harvard Type",5.02.03.210.02,"Semi-Expendable ME - Office Equipment",AADM,"College of Industrial Technology",11,46,excluded
278,2026-05-03.210-0207-CIT,,semi_expendable,"Monoblock: Harvard Type",5.02.03.210.02,"Semi-Expendable ME - Office Equipment",AADM,"College of Industrial Technology",11,46,excluded
279,2026-05-03.210-0208-CIT,,semi_expendable,"Monoblock: Harvard Type",5.02.03.210.02,"Semi-Expendable ME - Office Equipment",AADM,"College of Industrial Technology",11,46,excluded
280,2026-05-03.210-0209-CIT,,semi_expendable,"Monoblock: Harvard Type",5.02.03.210.02,"Semi-Expendable ME - Office Equipment",AADM,"College of Industrial Technology",11,46,excluded
281,2026-05-03.210-0210-CIT,,semi_expendable,"Monoblock: Harvard Type",5.02.03.210.02,"Semi-Expendable ME - Office Equipment",AADM,"College of Industrial Technology",11,46,excluded
282,2026-05-03.210-0211-CIT,,semi_expendable,"Monoblock: Harvard Type",5.02.03.210.02,"Semi-Expendable ME - Office Equipment",AADM,"College of Industrial Technology",11,46,excluded
283,2026-05-03.210-0212-CIT,,semi_expendable,"Monoblock: Harvard Type",5.02.03.210.02,"Semi-Expendable ME - Office Equipment",AADM,"College of Industrial Technology",11,46,excluded
284,2026-05-03.210-0213-CIT,,semi_expendable,"Monoblock: Harvard Type",5.02.03.210.02,"Semi-Expendable ME - Office Equipment",AADM,"College of Industrial Technology",11,46,excluded
285,2026-05-03.210-0214-CIT,,semi_expendable,"Monoblock: Harvard Type",5.02.03.210.02,"Semi-Expendable ME - Office Equipment",AADM,"College of Industrial Technology",11,46,excluded
286,2026-05-03.210-0215-CIT,,semi_expendable,"Monoblock: Harvard Type",5.02.03.210.02,"Semi-Expendable ME - Office Equipment",AADM,"College of Industrial Technology",11,46,excluded
287,2026-05-03.210-0216-CIT,,semi_expendable,"Monoblock: Harvard Type",5.02.03.210.02,"Semi-Expendable ME - Office Equipment",AADM,"College of Industrial Technology",11,46,excluded
288,2026-05-03.210-0217-CIT,,semi_expendable,"Monoblock: Harvard Type",5.02.03.210.02,"Semi-Expendable ME - Office Equipment",AADM,"College of Industrial Technology",11,46,excluded
289,2026-05-03.210-0218-CIT,,semi_expendable,"Monoblock: Harvard Type",5.02.03.210.02,"Semi-Expendable ME - Office Equipment",AADM,"College of Industrial Technology",11,46,excluded
290,2026-05-03.210-0219-CIT,,semi_expendable,"Monoblock: Harvard Type",5.02.03.210.02,"Semi-Expendable ME - Office Equipment",AADM,"College of Industrial Technology",11,46,excluded
291,2026-05-03.210-0220-CIT,,semi_expendable,"Monoblock: Harvard Type",5.02.03.210.02,"Semi-Expendable ME - Office Equipment",AADM,"College of Industrial Technology",11,46,excluded
292,2026-05-03.210-0221-CIT,,semi_expendable,"Monoblock: Harvard Type",5.02.03.210.02,"Semi-Expendable ME - Office Equipment",AADM,"College of Industrial Technology",11,46,excluded
293,2026-05-03.210-0222-CIT,,semi_expendable,"Monoblock: Harvard Type",5.02.03.210.02,"Semi-Expendable ME - Office Equipment",AADM,"College of Industrial Technology",11,46,excluded
294,2026-05-03.210-0223-CIT,,semi_expendable,"Monoblock: Harvard Type",5.02.03.210.02,"Semi-Expendable ME - Office Equipment",AADM,"College of Industrial Technology",11,46,excluded
295,2026-05-03.210-0224-CIT,,semi_expendable,"Monoblock: Harvard Type",5.02.03.210.02,"Semi-Expendable ME - Office Equipment",AADM,"College of Industrial Technology",11,46,excluded
296,2026-05-03.210-0225-CIT,,semi_expendable,"Monoblock: Harvard Type",5.02.03.210.02,"Semi-Expendable ME - Office Equipment",AADM,"College of Industrial Technology",11,46,excluded
297,2026-05-03.210-0226-CIT,,semi_expendable,"Monoblock: Harvard Type",5.02.03.210.02,"Semi-Expendable ME - Office Equipment",AADM,"College of Industrial Technology",11,46,excluded
298,2026-05-03.210-0227-CIT,,semi_expendable,"Monoblock: Harvard Type",5.02.03.210.02,"Semi-Expendable ME - Office Equipment",AADM,"College of Industrial Technology",11,46,excluded
299,2026-05-03.210-0228-CIT,,semi_expendable,"Monoblock: Harvard Type",5.02.03.210.02,"Semi-Expendable ME - Office Equipment",AADM,"College of Industrial Technology",11,46,excluded
300,2026-05-03.210-0229-CIT,,semi_expendable,"Monoblock: Harvard Type",5.02.03.210.02,"Semi-Expendable ME - Office Equipment",AADM,"College of Industrial Technology",11,46,excluded
301,2026-05-03.210-0230-CIT,,semi_expendable,"Monoblock: Harvard Type",5.02.03.210.02,"Semi-Expendable ME - Office Equipment",AADM,"College of Industrial Technology",11,46,excluded
302,2026-05-03.210-0231-CIT,,semi_expendable,"Monoblock: Harvard Type",5.02.03.210.02,"Semi-Expendable ME - Office Equipment",AADM,"College of Industrial Technology",11,46,excluded
303,2026-05-03.210-0232-CIT,,semi_expendable,"Monoblock: Harvard Type",5.02.03.210.02,"Semi-Expendable ME - Office Equipment",AADM,"College of Industrial Technology",11,46,excluded
304,2026-05-03.210-0233-CIT,,semi_expendable,"Monoblock: Harvard Type",5.02.03.210.02,"Semi-Expendable ME - Office Equipment",AADM,"College of Industrial Technology",11,46,excluded
305,2026-05-03.210-0234-CIT,,semi_expendable,"Monoblock: Harvard Type",5.02.03.210.02,"Semi-Expendable ME - Office Equipment",AADM,"College of Industrial Technology",11,46,excluded
306,2026-05-03.210-0235-CIT,,semi_expendable,"Monoblock: Harvard Type",5.02.03.210.02,"Semi-Expendable ME - Office Equipment",AADM,"College of Industrial Technology",11,46,excluded
307,2026-05-03.210-0236-CIT,,semi_expendable,"Monoblock: Harvard Type",5.02.03.210.02,"Semi-Expendable ME - Office Equipment",AADM,"College of Industrial Technology",11,46,excluded
308,2026-05-03.210-0237-CIT,,semi_expendable,"Monoblock: Harvard Type",5.02.03.210.02,"Semi-Expendable ME - Office Equipment",AADM,"College of Industrial Technology",11,46,excluded
309,2026-05-03.210-0238-CIT,,semi_expendable,"Monoblock: Harvard Type",5.02.03.210.02,"Semi-Expendable ME - Office Equipment",AADM,"College of Industrial Technology",11,46,excluded
310,2026-05-03.210-0239-CIT,,semi_expendable,"Monoblock: Harvard Type",5.02.03.210.02,"Semi-Expendable ME - Office Equipment",AADM,"College of Industrial Technology",11,46,excluded
311,2026-05-03.210-0240-CIT,,semi_expendable,"Monoblock: Harvard Type",5.02.03.210.02,"Semi-Expendable ME - Office Equipment",AADM,"College of Industrial Technology",11,46,excluded
312,2026-05-03.210-0241-CIT,,semi_expendable,"Monoblock: Harvard Type",5.02.03.210.02,"Semi-Expendable ME - Office Equipment",AADM,"College of Industrial Technology",11,46,excluded
313,2026-05-03.210-0242-CIT,,semi_expendable,"Monoblock: Harvard Type",5.02.03.210.02,"Semi-Expendable ME - Office Equipment",AADM,"College of Industrial Technology",11,46,excluded
314,2026-05-03.210-0243-CIT,,semi_expendable,"Monoblock: Harvard Type",5.02.03.210.02,"Semi-Expendable ME - Office Equipment",AADM,"College of Industrial Technology",11,46,excluded
315,2026-05-03.210-0244-CIT,,semi_expendable,"Monoblock: Harvard Type",5.02.03.210.02,"Semi-Expendable ME - Office Equipment",AADM,"College of Industrial Technology",11,46,excluded
316,2026-05-03.210-0245-CIT,,semi_expendable,"Monoblock: Harvard Type",5.02.03.210.02,"Semi-Expendable ME - Office Equipment",AADM,"College of Industrial Technology",11,46,excluded
317,2026-05-03.210-0246-CIT,,semi_expendable,"Monoblock: Harvard Type",5.02.03.210.02,"Semi-Expendable ME - Office Equipment",AADM,"College of Industrial Technology",11,46,excluded
318,2026-05-03.210-0247-CIT,,semi_expendable,"Monoblock: Harvard Type",5.02.03.210.02,"Semi-Expendable ME - Office Equipment",AADM,"College of Industrial Technology",11,46,excluded
319,2026-05-03.210-0248-CIT,,semi_expendable,"Monoblock: Harvard Type",5.02.03.210.02,"Semi-Expendable ME - Office Equipment",AADM,"College of Industrial Technology",11,46,excluded
320,2026-05-03.210-0249-CIT,,semi_expendable,"Monoblock: Harvard Type",5.02.03.210.02,"Semi-Expendable ME - Office Equipment",AADM,"College of Industrial Technology",11,46,excluded
321,2026-05-03.210-0250-CIT,,semi_expendable,"Monoblock: Harvard Type",5.02.03.210.02,"Semi-Expendable ME - Office Equipment",AADM,"College of Industrial Technology",11,46,excluded
322,2026-05-03.210-0251-CIT,,semi_expendable,"Monoblock: Harvard Type",5.02.03.210.02,"Semi-Expendable ME - Office Equipment",AADM,"College of Industrial Technology",11,46,excluded
323,2026-05-03.210-0252-CIT,,semi_expendable,"Monoblock: Harvard Type",5.02.03.210.02,"Semi-Expendable ME - Office Equipment",AADM,"College of Industrial Technology",11,46,excluded
324,2026-05-03.210-0253-CIT,,semi_expendable,"Monoblock: Harvard Type",5.02.03.210.02,"Semi-Expendable ME - Office Equipment",AADM,"College of Industrial Technology",11,46,excluded
325,2026-05-03.210-0254-CIT,,semi_expendable,"Monoblock: Harvard Type",5.02.03.210.02,"Semi-Expendable ME - Office Equipment",AADM,"College of Industrial Technology",11,46,excluded
326,2026-05-03.210-0255-CIT,,semi_expendable,"Monoblock: Harvard Type",5.02.03.210.02,"Semi-Expendable ME - Office Equipment",AADM,"College of Industrial Technology",11,46,excluded
327,2026-05-03.210-0256-CIT,,semi_expendable,"Monoblock: Harvard Type",5.02.03.210.02,"Semi-Expendable ME - Office Equipment",AADM,"College of Industrial Technology",11,46,excluded
328,2026-05-03.210-0257-CIT,,semi_expendable,"Monoblock: Harvard Type",5.02.03.210.02,"Semi-Expendable ME - Office Equipment",AADM,"College of Industrial Technology",11,46,excluded
329,2026-05-03.210-0258-CIT,,semi_expendable,"Monoblock: Harvard Type",5.02.03.210.02,"Semi-Expendable ME - Office Equipment",AADM,"College of Industrial Technology",11,46,excluded
330,2026-05-03.210-0259-CIT,,semi_expendable,"Monoblock: Harvard Type",5.02.03.210.02,"Semi-Expendable ME - Office Equipment",AADM,"College of Industrial Technology",11,46,excluded
331,2026-05-03.210-0260-CIT,,semi_expendable,"Monoblock: Harvard Type",5.02.03.210.02,"Semi-Expendable ME - Office Equipment",AADM,"College of Industrial Technology",11,46,excluded
332,2026-05-03.210-0261-CIT,,semi_expendable,"Monoblock: Harvard Type",5.02.03.210.02,"Semi-Expendable ME - Office Equipment",AADM,"College of Industrial Technology",11,46,excluded
333,2026-05-03.210-0262-CIT,,semi_expendable,"Monoblock: Harvard Type",5.02.03.210.02,"Semi-Expendable ME - Office Equipment",AADM,"College of Industrial Technology",11,46,excluded
334,2026-05-03.210-0263-CIT,,semi_expendable,"Monoblock: Harvard Type",5.02.03.210.02,"Semi-Expendable ME - Office Equipment",AADM,"College of Industrial Technology",11,46,excluded
335,2026-05-03.210-0264-CIT,,semi_expendable,"Monoblock: Harvard Type",5.02.03.210.02,"Semi-Expendable ME - Office Equipment",AADM,"College of Industrial Technology",11,46,excluded
336,2026-05-03.210-0265-CIT,,semi_expendable,"Monoblock: Harvard Type",5.02.03.210.02,"Semi-Expendable ME - Office Equipment",AADM,"College of Industrial Technology",11,46,excluded
337,2026-05-03.210-0266-CIT,,semi_expendable,"Monoblock: Harvard Type",5.02.03.210.02,"Semi-Expendable ME - Office Equipment",AADM,"College of Industrial Technology",11,46,excluded
338,2026-05-03.210-0267-CIT,,semi_expendable,"Monoblock: Harvard Type",5.02.03.210.02,"Semi-Expendable ME - Office Equipment",AADM,"College of Industrial Technology",11,46,excluded
339,2026-05-03.210-0268-CIT,,semi_expendable,"Monoblock: Harvard Type",5.02.03.210.02,"Semi-Expendable ME - Office Equipment",AADM,"College of Industrial Technology",11,46,excluded
340,2026-05-03.210-0269-CIT,,semi_expendable,"Monoblock: Harvard Type",5.02.03.210.02,"Semi-Expendable ME - Office Equipment",AADM,"College of Industrial Technology",11,46,excluded
341,2026-05-03.210-0270-CIT,,semi_expendable,"Monoblock: Harvard Type",5.02.03.210.02,"Semi-Expendable ME - Office Equipment",AADM,"College of Industrial Technology",11,46,excluded
342,2026-05-03.210-0271-CIT,,semi_expendable,"Monoblock: Harvard Type",5.02.03.210.02,"Semi-Expendable ME - Office Equipment",AADM,"College of Industrial Technology",11,46,excluded
343,2026-05-03.210-0272-CIT,,semi_expendable,"Monoblock: Harvard Type",5.02.03.210.02,"Semi-Expendable ME - Office Equipment",AADM,"College of Industrial Technology",11,46,excluded
344,2026-05-03.210-0273-CIT,,semi_expendable,"Monoblock: Harvard Type",5.02.03.210.02,"Semi-Expendable ME - Office Equipment",AADM,"College of Industrial Technology",11,46,excluded
345,2026-05-03.210-0274-CIT,,semi_expendable,"Monoblock: Harvard Type",5.02.03.210.02,"Semi-Expendable ME - Office Equipment",AADM,"College of Industrial Technology",11,46,excluded
346,2026-05-03.210-0275-CIT,,semi_expendable,"Monoblock: Harvard Type",5.02.03.210.02,"Semi-Expendable ME - Office Equipment",AADM,"College of Industrial Technology",11,46,excluded
347,2026-05-03.210-0276-CIT,,semi_expendable,"Monoblock: Harvard Type",5.02.03.210.02,"Semi-Expendable ME - Office Equipment",AADM,"College of Industrial Technology",11,46,excluded
348,2026-05-03.210-0277-CIT,,semi_expendable,"Monoblock: Harvard Type",5.02.03.210.02,"Semi-Expendable ME - Office Equipment",AADM,"College of Industrial Technology",11,46,excluded
349,2026-05-03.210-0278-CIT,,semi_expendable,"Monoblock: Harvard Type",5.02.03.210.02,"Semi-Expendable ME - Office Equipment",AADM,"College of Industrial Technology",11,46,excluded
350,2026-05-03.210-0279-CIT,,semi_expendable,"Monoblock: Harvard Type",5.02.03.210.02,"Semi-Expendable ME - Office Equipment",AADM,"College of Industrial Technology",11,46,excluded
351,2026-05-03.210-0280-CIT,,semi_expendable,"Monoblock: Harvard Type",5.02.03.210.02,"Semi-Expendable ME - Office Equipment",AADM,"College of Industrial Technology",11,46,excluded
352,2026-05-03.210-0281-CIT,,semi_expendable,"Monoblock: Harvard Type",5.02.03.210.02,"Semi-Expendable ME - Office Equipment",AADM,"College of Industrial Technology",11,46,excluded
353,2026-05-03.210-0282-CIT,,semi_expendable,"Monoblock: Harvard Type",5.02.03.210.02,"Semi-Expendable ME - Office Equipment",AADM,"College of Industrial Technology",11,46,excluded
354,2026-05-03.210-0283-CIT,,semi_expendable,"Monoblock: Harvard Type",5.02.03.210.02,"Semi-Expendable ME - Office Equipment",AADM,"College of Industrial Technology",11,46,excluded
355,2026-05-03.210-0284-CIT,,semi_expendable,"Monoblock: Harvard Type",5.02.03.210.02,"Semi-Expendable ME - Office Equipment",AADM,"College of Industrial Technology",11,46,excluded
356,2026-05-03.210-0285-CIT,,semi_expendable,"Monoblock: Harvard Type",5.02.03.210.02,"Semi-Expendable ME - Office Equipment",AADM,"College of Industrial Technology",11,46,excluded
357,2026-05-03.210-0286-CIT,,semi_expendable,"Monoblock: Harvard Type",5.02.03.210.02,"Semi-Expendable ME - Office Equipment",AADM,"College of Industrial Technology",11,46,excluded
358,2026-05-03.210-0287-CIT,,semi_expendable,"Monoblock: Harvard Type",5.02.03.210.02,"Semi-Expendable ME - Office Equipment",AADM,"College of Industrial Technology",11,46,excluded
359,2026-05-03.210-0288-CIT,,semi_expendable,"Monoblock: Harvard Type",5.02.03.210.02,"Semi-Expendable ME - Office Equipment",AADM,"College of Industrial Technology",11,46,excluded
360,2026-05-03.210-0289-CIT,,semi_expendable,"Monoblock: Harvard Type",5.02.03.210.02,"Semi-Expendable ME - Office Equipment",AADM,"College of Industrial Technology",11,46,excluded
361,2026-05-03.210-0290-CIT,,semi_expendable,"Monoblock: Harvard Type",5.02.03.210.02,"Semi-Expendable ME - Office Equipment",AADM,"College of Industrial Technology",11,46,excluded
362,2026-05-03.210-0291-CIT,,semi_expendable,"Monoblock: Harvard Type",5.02.03.210.02,"Semi-Expendable ME - Office Equipment",AADM,"College of Industrial Technology",11,46,excluded
363,2026-05-03.210-0292-CIT,,semi_expendable,"Monoblock: Harvard Type",5.02.03.210.02,"Semi-Expendable ME - Office Equipment",AADM,"College of Industrial Technology",11,46,excluded
364,2026-05-03.210-0293-CIT,,semi_expendable,"Monoblock: Harvard Type",5.02.03.210.02,"Semi-Expendable ME - Office Equipment",AADM,"College of Industrial Technology",11,46,excluded
365,2026-05-03.210-0294-CIT,,semi_expendable,"Monoblock: Harvard Type",5.02.03.210.02,"Semi-Expendable ME - Office Equipment",AADM,"College of Industrial Technology",11,46,excluded
366,2026-05-03.210-0295-CIT,,semi_expendable,"Monoblock: Harvard Type",5.02.03.210.02,"Semi-Expendable ME - Office Equipment",AADM,"College of Industrial Technology",11,46,excluded
367,2026-05-03.210-0296-CIT,,semi_expendable,"Monoblock: Harvard Type",5.02.03.210.02,"Semi-Expendable ME - Office Equipment",AADM,"College of Industrial Technology",11,46,excluded
368,2026-05-03.210-0297-CIT,,semi_expendable,"Monoblock: Harvard Type",5.02.03.210.02,"Semi-Expendable ME - Office Equipment",AADM,"College of Industrial Technology",11,46,excluded
369,2026-05-03.210-0298-CIT,,semi_expendable,"Monoblock: Harvard Type",5.02.03.210.02,"Semi-Expendable ME - Office Equipment",AADM,"College of Industrial Technology",11,46,excluded
370,2026-05-03.210-0299-CIT,,semi_expendable,"Monoblock: Harvard Type",5.02.03.210.02,"Semi-Expendable ME - Office Equipment",AADM,"College of Industrial Technology",11,46,excluded
371,2026-05-03.210-0300-CIT,,semi_expendable,"Monoblock: Harvard Type",5.02.03.210.02,"Semi-Expendable ME - Office Equipment",AADM,"College of Industrial Technology",11,46,excluded
372,2026-05-03.210-0301-CIT,,semi_expendable,"Monoblock: Harvard Type",5.02.03.210.02,"Semi-Expendable ME - Office Equipment",AADM,"College of Industrial Technology",11,46,excluded
373,2026-05-03.210-0302-CIT,,semi_expendable,"Monoblock: Harvard Type",5.02.03.210.02,"Semi-Expendable ME - Office Equipment",AADM,"College of Industrial Technology",11,46,excluded
374,2026-05-03.210-0303-CIT,,semi_expendable,"Monoblock: Harvard Type",5.02.03.210.02,"Semi-Expendable ME - Office Equipment",AADM,"College of Industrial Technology",11,46,excluded
375,2026-05-03.210-0304-CIT,,semi_expendable,"Monoblock: Harvard Type",5.02.03.210.02,"Semi-Expendable ME - Office Equipment",AADM,"College of Industrial Technology",11,46,excluded
376,2026-05-03.210-0305-CIT,,semi_expendable,"Monoblock: Harvard Type",5.02.03.210.02,"Semi-Expendable ME - Office Equipment",AADM,"College of Industrial Technology",11,46,excluded
377,2026-05-03.210-0306-CIT,,semi_expendable,"Monoblock: Harvard Type",5.02.03.210.02,"Semi-Expendable ME - Office Equipment",AADM,"College of Industrial Technology",11,46,excluded
378,2026-05-03.210-0307-CIT,,semi_expendable,"Monoblock: Harvard Type",5.02.03.210.02,"Semi-Expendable ME - Office Equipment",AADM,"College of Industrial Technology",11,46,excluded
379,2026-05-03.210-0308-CIT,,semi_expendable,"Monoblock: Harvard Type",5.02.03.210.02,"Semi-Expendable ME - Office Equipment",AADM,"College of Industrial Technology",11,46,excluded
380,2026-05-03.210-0309-CIT,,semi_expendable,"Monoblock: Harvard Type",5.02.03.210.02,"Semi-Expendable ME - Office Equipment",AADM,"College of Industrial Technology",11,46,excluded
381,2026-05-03.210-0310-CIT,,semi_expendable,"Monoblock: Harvard Type",5.02.03.210.02,"Semi-Expendable ME - Office Equipment",AADM,"College of Industrial Technology",11,46,excluded
382,2026-05-03.210-0311-CIT,,semi_expendable,"Monoblock: Harvard Type",5.02.03.210.02,"Semi-Expendable ME - Office Equipment",AADM,"College of Industrial Technology",11,46,excluded
383,2026-05-03.210-0312-CIT,,semi_expendable,"Monoblock: Harvard Type",5.02.03.210.02,"Semi-Expendable ME - Office Equipment",AADM,"College of Industrial Technology",11,46,excluded
384,2026-05-03.210-0313-CIT,,semi_expendable,"Monoblock: Harvard Type",5.02.03.210.02,"Semi-Expendable ME - Office Equipment",AADM,"College of Industrial Technology",11,46,excluded
385,2026-05-03.210-0314-CIT,,semi_expendable,"Monoblock: Harvard Type",5.02.03.210.02,"Semi-Expendable ME - Office Equipment",AADM,"College of Industrial Technology",11,46,excluded
386,2026-05-03.210-0315-CIT,,semi_expendable,"Monoblock: Harvard Type",5.02.03.210.02,"Semi-Expendable ME - Office Equipment",AADM,"College of Industrial Technology",11,46,excluded
387,2026-05-03.210-0316-CIT,,semi_expendable,"Monoblock: Harvard Type",5.02.03.210.02,"Semi-Expendable ME - Office Equipment",AADM,"College of Industrial Technology",11,46,excluded
388,2026-05-03.210-0317-CIT,,semi_expendable,"Monoblock: Harvard Type",5.02.03.210.02,"Semi-Expendable ME - Office Equipment",AADM,"College of Industrial Technology",11,46,excluded
389,2026-05-03.210-0318-CIT,,semi_expendable,"Monoblock: Harvard Type",5.02.03.210.02,"Semi-Expendable ME - Office Equipment",AADM,"College of Industrial Technology",11,46,excluded
390,2026-05-03.210-0319-CIT,,semi_expendable,"Monoblock: Harvard Type",5.02.03.210.02,"Semi-Expendable ME - Office Equipment",AADM,"College of Industrial Technology",11,46,excluded
391,2026-05-03.210-0320-CIT,,semi_expendable,"Monoblock: Harvard Type",5.02.03.210.02,"Semi-Expendable ME - Office Equipment",AADM,"College of Industrial Technology",11,46,excluded
392,2026-05-03.210-0321-CIT,,semi_expendable,"Monoblock: Harvard Type",5.02.03.210.02,"Semi-Expendable ME - Office Equipment",AADM,"College of Industrial Technology",11,46,excluded
393,2026-05-03.210-0322-CIT,,semi_expendable,"Monoblock: Harvard Type",5.02.03.210.02,"Semi-Expendable ME - Office Equipment",AADM,"College of Industrial Technology",11,46,excluded
394,2026-05-03.210-0323-CIT,,semi_expendable,"Monoblock: Harvard Type",5.02.03.210.02,"Semi-Expendable ME - Office Equipment",AADM,"College of Industrial Technology",11,46,excluded
395,2026-05-03.210-0324-CIT,,semi_expendable,"Monoblock: Harvard Type",5.02.03.210.02,"Semi-Expendable ME - Office Equipment",AADM,"College of Industrial Technology",11,46,excluded
396,2026-05-03.210-0325-CIT,,semi_expendable,"Monoblock: Harvard Type",5.02.03.210.02,"Semi-Expendable ME - Office Equipment",AADM,"College of Industrial Technology",11,46,excluded
397,2026-05-03.210-0326-CIT,,semi_expendable,"Monoblock: Harvard Type",5.02.03.210.02,"Semi-Expendable ME - Office Equipment",AADM,"College of Industrial Technology",11,46,excluded
398,2026-05-03.210-0327-CIT,,semi_expendable,"Monoblock: Harvard Type",5.02.03.210.02,"Semi-Expendable ME - Office Equipment",AADM,"College of Industrial Technology",11,46,excluded
399,2026-05-03.210-0328-CIT,,semi_expendable,"Monoblock: Harvard Type",5.02.03.210.02,"Semi-Expendable ME - Office Equipment",AADM,"College of Industrial Technology",11,46,excluded
400,2026-05-03.210-0329-CIT,,semi_expendable,"Monoblock: Harvard Type",5.02.03.210.02,"Semi-Expendable ME - Office Equipment",AADM,"College of Industrial Technology",11,46,excluded
401,2026-05-03.210-0330-CIT,,semi_expendable,"Monoblock: Harvard Type",5.02.03.210.02,"Semi-Expendable ME - Office Equipment",AADM,"College of Industrial Technology",11,46,excluded
402,2026-05-03.210-0331-CIT,,semi_expendable,"Monoblock: Harvard Type",5.02.03.210.02,"Semi-Expendable ME - Office Equipment",AADM,"College of Industrial Technology",11,46,excluded
403,2026-05-03.210-0332-CIT,,semi_expendable,"Monoblock: Harvard Type",5.02.03.210.02,"Semi-Expendable ME - Office Equipment",AADM,"College of Industrial Technology",11,46,excluded
404,2026-05-03.210-0333-CIT,,semi_expendable,"Monoblock: Harvard Type",5.02.03.210.02,"Semi-Expendable ME - Office Equipment",AADM,"College of Industrial Technology",11,46,excluded
405,2026-05-03.210-0334-CIT,,semi_expendable,"Monoblock: Harvard Type",5.02.03.210.02,"Semi-Expendable ME - Office Equipment",AADM,"College of Industrial Technology",11,46,excluded
408,2026-05-03.210-0335-CIT,,semi_expendable,"Monoblock: Harvard Type",5.02.03.210.02,"Semi-Expendable ME - Office Equipment",AADM,"College of Industrial Technology",11,46,excluded
409,2026-05-03.210-0336-CIT,,semi_expendable,"Monoblock: Harvard Type",5.02.03.210.02,"Semi-Expendable ME - Office Equipment",AADM,"College of Industrial Technology",11,46,excluded
410,2026-05-03.210-0337-CIT,,semi_expendable,"Monoblock: Harvard Type",5.02.03.210.02,"Semi-Expendable ME - Office Equipment",AADM,"College of Industrial Technology",11,46,excluded
411,2026-05-03.210-0338-CIT,,semi_expendable,"Monoblock: Harvard Type",5.02.03.210.02,"Semi-Expendable ME - Office Equipment",AADM,"College of Industrial Technology",11,46,excluded
412,2026-05-03.210-0339-CIT,,semi_expendable,"Monoblock: Harvard Type",5.02.03.210.02,"Semi-Expendable ME - Office Equipment",AADM,"College of Industrial Technology",11,46,excluded
413,2026-05-03.210-0340-CIT,,semi_expendable,"Monoblock: Harvard Type",5.02.03.210.02,"Semi-Expendable ME - Office Equipment",AADM,"College of Industrial Technology",11,46,excluded
414,2026-05-03.210-0341-CIT,,semi_expendable,"Monoblock: Harvard Type",5.02.03.210.02,"Semi-Expendable ME - Office Equipment",AADM,"College of Industrial Technology",11,46,excluded
415,2026-05-03.210-0342-CIT,,semi_expendable,"Monoblock: Harvard Type",5.02.03.210.02,"Semi-Expendable ME - Office Equipment",AADM,"College of Industrial Technology",11,46,excluded
416,2026-05-03.210-0343-CIT,,semi_expendable,"Monoblock: Harvard Type",5.02.03.210.02,"Semi-Expendable ME - Office Equipment",AADM,"College of Industrial Technology",11,46,excluded
417,2026-05-03.210-0344-CIT,,semi_expendable,"Monoblock: Harvard Type",5.02.03.210.02,"Semi-Expendable ME - Office Equipment",AADM,"College of Industrial Technology",11,46,excluded
418,2026-05-03.210-0345-CIT,,semi_expendable,"Monoblock: Harvard Type",5.02.03.210.02,"Semi-Expendable ME - Office Equipment",AADM,"College of Industrial Technology",11,46,excluded
419,2026-05-03.210-0346-CIT,,semi_expendable,"Monoblock: Harvard Type",5.02.03.210.02,"Semi-Expendable ME - Office Equipment",AADM,"College of Industrial Technology",11,46,excluded
420,2026-05-03.210-0347-CIT,,semi_expendable,"Monoblock: Harvard Type",5.02.03.210.02,"Semi-Expendable ME - Office Equipment",AADM,"College of Industrial Technology",11,46,excluded
421,2026-05-03.210-0348-CIT,,semi_expendable,"Monoblock: Harvard Type",5.02.03.210.02,"Semi-Expendable ME - Office Equipment",AADM,"College of Industrial Technology",11,46,excluded
422,2026-05-03.210-0349-CIT,,semi_expendable,"Monoblock: Harvard Type",5.02.03.210.02,"Semi-Expendable ME - Office Equipment",AADM,"College of Industrial Technology",11,46,excluded
423,2026-05-03.210-0350-CIT,,semi_expendable,"Monoblock: Harvard Type",5.02.03.210.02,"Semi-Expendable ME - Office Equipment",AADM,"College of Industrial Technology",11,46,excluded
424,2026-05-03.210-0351-CIT,,semi_expendable,"Monoblock: Harvard Type",5.02.03.210.02,"Semi-Expendable ME - Office Equipment",AADM,"College of Industrial Technology",11,46,excluded
425,2026-05-03.210-0352-CIT,,semi_expendable,"Monoblock: Harvard Type",5.02.03.210.02,"Semi-Expendable ME - Office Equipment",AADM,"College of Industrial Technology",11,46,excluded
426,2026-05-03.210-0353-CIT,,semi_expendable,"Monoblock: Harvard Type",5.02.03.210.02,"Semi-Expendable ME - Office Equipment",AADM,"College of Industrial Technology",11,46,excluded
427,2026-05-03.210-0354-CIT,,semi_expendable,"Monoblock: Harvard Type",5.02.03.210.02,"Semi-Expendable ME - Office Equipment",AADM,"College of Industrial Technology",11,46,excluded
428,2026-05-03.210-0355-CIT,,semi_expendable,"Monoblock: Harvard Type",5.02.03.210.02,"Semi-Expendable ME - Office Equipment",AADM,"College of Industrial Technology",11,46,excluded
429,2026-05-03.210-0356-CIT,,semi_expendable,"Monoblock: Harvard Type",5.02.03.210.02,"Semi-Expendable ME - Office Equipment",AADM,"College of Industrial Technology",11,46,excluded
430,2026-05-03.210-0357-CIT,,semi_expendable,"Monoblock: Harvard Type",5.02.03.210.02,"Semi-Expendable ME - Office Equipment",AADM,"College of Industrial Technology",11,46,excluded
431,2026-05-03.210-0358-CIT,,semi_expendable,"Monoblock: Harvard Type",5.02.03.210.02,"Semi-Expendable ME - Office Equipment",AADM,"College of Industrial Technology",11,46,excluded
432,2026-05-03.210-0359-CIT,,semi_expendable,"Monoblock: Harvard Type",5.02.03.210.02,"Semi-Expendable ME - Office Equipment",AADM,"College of Industrial Technology",11,46,excluded
433,2026-05-03.210-0360-CIT,,semi_expendable,"Monoblock: Harvard Type",5.02.03.210.02,"Semi-Expendable ME - Office Equipment",AADM,"College of Industrial Technology",11,46,excluded
434,2026-05-03.210-0361-CIT,,semi_expendable,"Monoblock: Harvard Type",5.02.03.210.02,"Semi-Expendable ME - Office Equipment",AADM,"College of Industrial Technology",11,46,excluded
435,2026-05-03.210-0362-CIT,,semi_expendable,"Monoblock: Harvard Type",5.02.03.210.02,"Semi-Expendable ME - Office Equipment",AADM,"College of Industrial Technology",11,46,excluded
436,2026-05-03.210-0363-CIT,,semi_expendable,"Monoblock: Harvard Type",5.02.03.210.02,"Semi-Expendable ME - Office Equipment",AADM,"College of Industrial Technology",11,46,excluded
437,2026-05-03.210-0364-CIT,,semi_expendable,"Monoblock: Harvard Type",5.02.03.210.02,"Semi-Expendable ME - Office Equipment",AADM,"College of Industrial Technology",11,46,excluded
438,2026-05-03.210-0365-CIT,,semi_expendable,"Monoblock: Harvard Type",5.02.03.210.02,"Semi-Expendable ME - Office Equipment",AADM,"College of Industrial Technology",11,46,excluded
439,2026-05-03.210-0366-CIT,,semi_expendable,"Monoblock: Harvard Type",5.02.03.210.02,"Semi-Expendable ME - Office Equipment",AADM,"College of Industrial Technology",11,46,excluded
440,2026-05-03.210-0367-CIT,,semi_expendable,"Monoblock: Harvard Type",5.02.03.210.02,"Semi-Expendable ME - Office Equipment",AADM,"College of Industrial Technology",11,46,excluded
441,2026-05-03.210-0368-CIT,,semi_expendable,"Monoblock: Harvard Type",5.02.03.210.02,"Semi-Expendable ME - Office Equipment",AADM,"College of Industrial Technology",11,46,excluded
442,2026-05-03.210-0369-CIT,,semi_expendable,"Monoblock: Harvard Type",5.02.03.210.02,"Semi-Expendable ME - Office Equipment",AADM,"College of Industrial Technology",11,46,excluded
443,2026-05-03.210-0370-CIT,,semi_expendable,"Monoblock: Harvard Type",5.02.03.210.02,"Semi-Expendable ME - Office Equipment",AADM,"College of Industrial Technology",11,46,excluded
444,2026-05-03.210-0371-CIT,,semi_expendable,"Monoblock: Harvard Type",5.02.03.210.02,"Semi-Expendable ME - Office Equipment",AADM,"College of Industrial Technology",11,46,excluded
445,2026-05-03.210-0372-CIT,,semi_expendable,"Monoblock: Harvard Type",5.02.03.210.02,"Semi-Expendable ME - Office Equipment",AADM,"College of Industrial Technology",11,46,excluded
446,2026-05-03.210-0373-CIT,,semi_expendable,"Monoblock: Harvard Type",5.02.03.210.02,"Semi-Expendable ME - Office Equipment",AADM,"College of Industrial Technology",11,46,excluded
447,2026-05-03.210-0374-CIT,,semi_expendable,"Monoblock: Harvard Type",5.02.03.210.02,"Semi-Expendable ME - Office Equipment",AADM,"College of Industrial Technology",11,46,excluded
448,2026-05-03.210-0375-CIT,,semi_expendable,"Monoblock: Harvard Type",5.02.03.210.02,"Semi-Expendable ME - Office Equipment",AADM,"College of Industrial Technology",11,46,excluded
449,2026-05-03.210-0376-CIT,,semi_expendable,"Monoblock: Harvard Type",5.02.03.210.02,"Semi-Expendable ME - Office Equipment",AADM,"College of Industrial Technology",11,46,excluded
450,2026-05-03.210-0377-CIT,,semi_expendable,"Monoblock: Harvard Type",5.02.03.210.02,"Semi-Expendable ME - Office Equipment",AADM,"College of Industrial Technology",11,46,excluded
451,2026-05-03.210-0378-CIT,,semi_expendable,"Monoblock: Harvard Type",5.02.03.210.02,"Semi-Expendable ME - Office Equipment",AADM,"College of Industrial Technology",11,46,excluded
452,2026-05-03.210-0379-CIT,,semi_expendable,"Monoblock: Harvard Type",5.02.03.210.02,"Semi-Expendable ME - Office Equipment",AADM,"College of Industrial Technology",11,46,excluded
453,2026-05-03.210-0380-CIT,,semi_expendable,"Monoblock: Harvard Type",5.02.03.210.02,"Semi-Expendable ME - Office Equipment",AADM,"College of Industrial Technology",11,46,excluded
454,2026-05-03.210-0381-CIT,,semi_expendable,"Monoblock: Harvard Type",5.02.03.210.02,"Semi-Expendable ME - Office Equipment",AADM,"College of Industrial Technology",11,46,excluded
455,2026-05-03.210-0382-CIT,,semi_expendable,"Monoblock: Harvard Type",5.02.03.210.02,"Semi-Expendable ME - Office Equipment",AADM,"College of Industrial Technology",11,46,excluded
456,2026-05-03.210-0383-CIT,,semi_expendable,"Monoblock: Harvard Type",5.02.03.210.02,"Semi-Expendable ME - Office Equipment",AADM,"College of Industrial Technology",11,46,excluded
457,2026-05-03.210-0384-CIT,,semi_expendable,"Monoblock: Harvard Type",5.02.03.210.02,"Semi-Expendable ME - Office Equipment",AADM,"College of Industrial Technology",11,46,excluded
458,2026-05-03.210-0385-CIT,,semi_expendable,"Monoblock: Harvard Type",5.02.03.210.02,"Semi-Expendable ME - Office Equipment",AADM,"College of Industrial Technology",11,46,excluded
459,2026-05-03.210-0386-CIT,,semi_expendable,"Monoblock: Harvard Type",5.02.03.210.02,"Semi-Expendable ME - Office Equipment",AADM,"College of Industrial Technology",11,46,excluded
460,2026-05-03.210-0387-CIT,,semi_expendable,"Monoblock: Harvard Type",5.02.03.210.02,"Semi-Expendable ME - Office Equipment",AADM,"College of Industrial Technology",11,46,excluded
461,2026-05-03.210-0388-CIT,,semi_expendable,"Monoblock: Harvard Type",5.02.03.210.02,"Semi-Expendable ME - Office Equipment",AADM,"College of Industrial Technology",11,46,excluded
462,2026-05-03.210-0389-CIT,,semi_expendable,"Monoblock: Harvard Type",5.02.03.210.02,"Semi-Expendable ME - Office Equipment",AADM,"College of Industrial Technology",11,46,excluded
463,2026-05-03.210-0390-CIT,,semi_expendable,"Monoblock: Harvard Type",5.02.03.210.02,"Semi-Expendable ME - Office Equipment",AADM,"College of Industrial Technology",11,46,excluded
464,2026-05-03.210-0391-CIT,,semi_expendable,"Monoblock: Harvard Type",5.02.03.210.02,"Semi-Expendable ME - Office Equipment",AADM,"College of Industrial Technology",11,46,excluded
465,2026-05-03.210-0392-CIT,,semi_expendable,"Monoblock: Harvard Type",5.02.03.210.02,"Semi-Expendable ME - Office Equipment",AADM,"College of Industrial Technology",11,46,excluded
466,2026-05-03.210-0393-CIT,,semi_expendable,"Monoblock: Harvard Type",5.02.03.210.02,"Semi-Expendable ME - Office Equipment",AADM,"College of Industrial Technology",11,46,excluded
467,2026-05-03.210-0394-CIT,,semi_expendable,"Monoblock: Harvard Type",5.02.03.210.02,"Semi-Expendable ME - Office Equipment",AADM,"College of Industrial Technology",11,46,excluded
468,2026-05-03.210-0395-CIT,,semi_expendable,"Monoblock: Harvard Type",5.02.03.210.02,"Semi-Expendable ME - Office Equipment",AADM,"College of Industrial Technology",11,46,excluded
469,2026-05-03.210-0396-CIT,,semi_expendable,"Monoblock: Harvard Type",5.02.03.210.02,"Semi-Expendable ME - Office Equipment",AADM,"College of Industrial Technology",11,46,excluded
470,2026-05-03.210-0397-CIT,,semi_expendable,"Monoblock: Harvard Type",5.02.03.210.02,"Semi-Expendable ME - Office Equipment",AADM,"College of Industrial Technology",11,46,excluded
471,2026-05-03.210-0398-CIT,,semi_expendable,"Monoblock: Harvard Type",5.02.03.210.02,"Semi-Expendable ME - Office Equipment",AADM,"College of Industrial Technology",11,46,excluded
472,2026-05-03.210-0399-CIT,,semi_expendable,"Monoblock: Harvard Type",5.02.03.210.02,"Semi-Expendable ME - Office Equipment",AADM,"College of Industrial Technology",11,46,excluded
473,2026-05-03.210-0400-CIT,,semi_expendable,"Monoblock: Harvard Type",5.02.03.210.02,"Semi-Expendable ME - Office Equipment",AADM,"College of Industrial Technology",11,46,excluded
474,2026-05-03.210-0401-CIT,,semi_expendable,"Monoblock: Harvard Type",5.02.03.210.02,"Semi-Expendable ME - Office Equipment",AADM,"College of Industrial Technology",11,46,excluded
475,2026-05-03.210-0402-CIT,,semi_expendable,"Monoblock: Harvard Type",5.02.03.210.02,"Semi-Expendable ME - Office Equipment",AADM,"College of Industrial Technology",11,46,excluded
476,2026-05-03.210-0403-CIT,,semi_expendable,"Monoblock: Harvard Type",5.02.03.210.02,"Semi-Expendable ME - Office Equipment",AADM,"College of Industrial Technology",11,46,excluded
477,2026-05-03.210-0404-CIT,,semi_expendable,"Monoblock: Harvard Type",5.02.03.210.02,"Semi-Expendable ME - Office Equipment",AADM,"College of Industrial Technology",11,46,excluded
478,2026-05-03.210-0405-CIT,,semi_expendable,"Monoblock: Harvard Type",5.02.03.210.02,"Semi-Expendable ME - Office Equipment",AADM,"College of Industrial Technology",11,46,excluded
479,2026-05-03.210-0406-CIT,,semi_expendable,"Monoblock: Harvard Type",5.02.03.210.02,"Semi-Expendable ME - Office Equipment",AADM,"College of Industrial Technology",11,46,excluded
484,2026-05-03.210-0407-CIT,,semi_expendable,"With Printer Stand, keyboard tray, and Drawer; Table Height: Standard (30""); material: Wood and Steel",5.02.03.210.02,"Semi-Expendable ME - Office Equipment",AADM,"College of Industrial Technology",0,0,excluded
489,2026-05-03.210-0408-CIT,,semi_expendable,"w/ Armrest; Ergonomic; Mid-Back Mesh Chair; PP Arm Rest; Chrome Base; PP Casters; Padded Seat Rest in Mesh Fabric; Adjustable Height Gas Lift; 100kg Capacity",5.02.03.210.02,"Semi-Expendable ME - Office Equipment",AADM,"College of Industrial Technology",0,0,excluded
525,2026-05-03.210-0409-CIT,2412SF20PCS0756,semi_expendable,"Blade Size Diameter: 20 inches; 3 speed controls: low, medium, and High; adjustable angle; 150 watts",5.02.03.210.01,"Semi-Expendable ME - Machinery",AADM,"College of Industrial Technology",0,0,excluded
