id,batch_id,account_code,item_description,brand,model,serial_no,qty_physical_count,unit_cost,line_total_db,line_total_normalized,remarks
19063,14,1.06.05.020.00,"Gestetner MP 2001L; Model: D16029308; SN: E343M850304",Gestetner,D16029308,E343M850304,1,58000.00,58000.00,58000.00,"Marked: RPCPPE 2025 submitted to Accounting (2026-04-13) | RPCPPE_2025_LIST"
19064,14,1.06.05.020.00,"Defender; Model 3016-B",Defender,3016-B,,1,82000.00,82000.00,82000.00,"Marked: RPCPPE 2025 submitted to Accounting (2026-04-13) | RPCPPE_2025_LIST"
19065,14,1.06.05.020.00,"Samsung; 2.5HP Wall Mounted Inverter SN: Q0E4PDBCA00033A, Q0PNPDCD900106W",Samsung,Inverter,Q0E4PDBCA00033A,2,118196.00,236392.00,118196.00,"Marked: RPCPPE 2025 submitted to Accounting (2026-04-13) | RPCPPE_2025_LIST"
19066,14,1.06.05.020.00,"5 tonner (Carrier) SN: 0469157",Carrier,"5 Tonner",0469157,1,124900.00,124900.00,124900.00,"Marked: RPCPPE 2025 submitted to Accounting (2026-04-13) | RPCPPE_2025_LIST"
19067,14,1.06.05.020.00,"5 tonner (Carrier) SN: 0469068",Carrier,"5 Tonner",0469068,1,124900.00,124900.00,124900.00,"Marked: RPCPPE 2025 submitted to Accounting (2026-04-13) | RPCPPE_2025_LIST"
19068,14,1.06.05.020.00,"5 tonner (Carrier) SN: 0469092",Carrier,"5 Tonner",0469092,1,124900.00,124900.00,124900.00,"Marked: RPCPPE 2025 submitted to Accounting (2026-04-13) | RPCPPE_2025_LIST"
19069,14,1.06.05.020.00,"5 tonner (Carrier) SN: 0469097",Carrier,"5 Tonner",0469097,1,124900.00,124900.00,124900.00,"Marked: RPCPPE 2025 submitted to Accounting (2026-04-13) | RPCPPE_2025_LIST"
19070,14,1.06.05.020.00,"5 tonner (Carrier) SN: 0469036",Carrier,"5 Tonner",0469036,1,124900.00,124900.00,124900.00,"Marked: RPCPPE 2025 submitted to Accounting (2026-04-13) | RPCPPE_2025_LIST"
19071,14,1.06.05.020.00,"with ARDF; Gestetner MP2014AD SN: G618M550097",Gestetner,MP2014AD,G618M550097,1,54500.00,54500.00,54500.00,"Marked: RPCPPE 2025 submitted to Accounting (2026-04-13) | RPCPPE_2025_LIST"
19072,14,1.06.05.020.00,"with ARDF; Gestetner MP2014AD SN: G618M550098",Gestetner,MP2014AD,G618M550098,1,54500.00,54500.00,54500.00,"Marked: RPCPPE 2025 submitted to Accounting (2026-04-13) | RPCPPE_2025_LIST"
19073,14,1.06.05.020.00,"with ARDF; Gestetner MP2014AD SN: G617M950034",Gestetner,MP2014AD,G617M950034,1,54500.00,54500.00,54500.00,"Marked: RPCPPE 2025 submitted to Accounting (2026-04-13) | RPCPPE_2025_LIST"
19074,14,1.06.05.020.00,"with ARDF; Gestetner MP2014AD SN: G617M950386",Gestetner,MP2014AD,G617M950386,1,54500.00,54500.00,54500.00,"Marked: RPCPPE 2025 submitted to Accounting (2026-04-13) | RPCPPE_2025_LIST"
19075,14,1.06.05.020.00,"with ARDF; Gestetner MP2014AD SN: G618M550094",Gestetner,MP2014AD,G618M550094,1,54500.00,54500.00,54500.00,"Marked: RPCPPE 2025 submitted to Accounting (2026-04-13) | RPCPPE_2025_LIST"
19076,14,1.06.05.020.00,"with ARDF; Gestetner MP2001L SN: E346M550018",Gestetner,MP2001L,E346M550018,1,79000.00,79000.00,79000.00,"Marked: RPCPPE 2025 submitted to Accounting (2026-04-13) | RPCPPE_2025_LIST"
19077,14,1.06.05.020.00,"with ARDF; Gestetner MP2014AD SN: G617M750155",Gestetner,MP2014AD,G617M750155,1,54500.00,54500.00,54500.00,"Marked: RPCPPE 2025 submitted to Accounting (2026-04-13) | RPCPPE_2025_LIST"
19078,14,1.06.05.020.00,"3 ton; floor mounted; Kolin, Outdoor: 20221805-14144; Indoor: 20211801-13643",Kolin,20221805-14144,"20221805-14144 / 20211801-13643",1,84650.00,84650.00,84650.00,"Marked: RPCPPE 2025 submitted to Accounting (2026-04-13) | RPCPPE_2025_LIST"
19079,14,1.06.05.020.00,"3 ton; floor mounted; Kolin, Outdoor: SN: 20221805-14147; Indoor: 20211806-14435",Kolin,SN,"20221805-14147 / 20211806-14435",1,84650.00,84650.00,84650.00,"Marked: RPCPPE 2025 submitted to Accounting (2026-04-13) | RPCPPE_2025_LIST"
19080,14,1.06.05.020.00,"3 ton; floor mounted; Kolin, Outdoor: SN: 20221805-13796 Indoor: 20211801-13739",Kolin,SN,"20221805-13796 / 20211801-13739",1,84650.00,84650.00,84650.00,"Marked: RPCPPE 2025 submitted to Accounting (2026-04-13) | RPCPPE_2025_LIST"
19081,14,1.06.05.020.00,"Wall Mounted-DAIKIN 2.5 HP SN: E012583",Wall,HP,E012583,1,53900.00,53900.00,53900.00,"Marked: RPCPPE 2025 submitted to Accounting (2026-04-13) | RPCPPE_2025_LIST"
19082,14,1.06.05.020.00,"Wall Mounted-DAIKIN 2.5 HP SN: E009159",Wall,HP,E009159,1,53900.00,53900.00,53900.00,"Marked: RPCPPE 2025 submitted to Accounting (2026-04-13) | RPCPPE_2025_LIST"
19083,14,1.06.05.020.00,"Wall Mounted-DAIKIN 2.5 HP SN: E012502",Wall,HP,E012502,1,53900.00,53900.00,53900.00,"Marked: RPCPPE 2025 submitted to Accounting (2026-04-13) | RPCPPE_2025_LIST"
19084,14,1.06.05.020.00,"Wall Mounted-DAIKIN 2.5 HP SN: E010708",Wall,HP,E010708,1,53900.00,53900.00,53900.00,"Marked: RPCPPE 2025 submitted to Accounting (2026-04-13) | RPCPPE_2025_LIST"
19085,14,1.06.05.020.00,"5 tonner; split type; floor mounted; Koppel SN: KL273089",Koppel,Koppel,KL273089,1,103320.00,103320.00,103320.00,"Marked: RPCPPE 2025 submitted to Accounting (2026-04-13) | RPCPPE_2025_LIST"
19086,14,1.06.05.020.00,"split type 3 tonner; Kolin SN: 20211807-15269",Kolin,Kolin,20211807-15269,1,76100.00,76100.00,76100.00,"Marked: RPCPPE 2025 submitted to Accounting (2026-04-13) | RPCPPE_2025_LIST"
19087,14,1.06.05.020.00,"split type 3 tonner; Kolin SN: 20211807-15282",Kolin,Kolin,20211807-15282,1,76100.00,76100.00,76100.00,"Marked: RPCPPE 2025 submitted to Accounting (2026-04-13) | RPCPPE_2025_LIST"
19088,14,1.06.05.020.00,"split type 3 tonner; Kolin SN: 20211807-15277",Kolin,Kolin,20211807-15277,1,76100.00,76100.00,76100.00,"Marked: RPCPPE 2025 submitted to Accounting (2026-04-13) | RPCPPE_2025_LIST"
19089,14,1.06.05.020.00,"split type 3 tonner; Kolin SN: 20211806-14244",Kolin,Kolin,20211806-14244,1,76100.00,76100.00,76100.00,"Marked: RPCPPE 2025 submitted to Accounting (2026-04-13) | RPCPPE_2025_LIST"
19090,14,1.06.05.020.00,"5 tonner, split type; floor mounted; Koppel SN: KL273088",Koppel,Koppel,KL273088,1,103320.00,103320.00,103320.00,"Marked: RPCPPE 2025 submitted to Accounting (2026-04-13) | RPCPPE_2025_LIST"
19091,14,1.06.05.020.00,"6 tonner, split type; floor mounted; Koppel SN: LL323286",Koppel,Koppel,LL323286,1,103320.00,103320.00,103320.00,"Marked: RPCPPE 2025 submitted to Accounting (2026-04-13) | RPCPPE_2025_LIST"
19092,14,1.06.05.020.00,"LED 50"" Smart TV; LG 50UK 6300 PTE SN: 807INJL4Z228",LG,"50UK 6300 PTE",807INJL4Z228,1,54990.00,54990.00,54990.00,"Marked: RPCPPE 2025 submitted to Accounting (2026-04-13) | RPCPPE_2025_LIST"
19093,14,1.06.05.020.00,"LED 50"" Smart TV; LG 50UK 6300 PTE SN: 805INGQ1D216",LG,"50UK 6300 PTE",805INGQ1D216,1,54990.00,54990.00,54990.00,"Marked: RPCPPE 2025 submitted to Accounting (2026-04-13) | RPCPPE_2025_LIST"
19094,14,1.06.05.020.00,"LED 50"" Smart TV; LG 50UK 6300 PTE SN: 805INDP3M210",LG,"50UK 6300 PTE",805INDP3M210,1,54990.00,54990.00,54990.00,"Marked: RPCPPE 2025 submitted to Accounting (2026-04-13) | RPCPPE_2025_LIST"
19095,14,1.06.05.020.00,"LED 50"" Smart TV; LG 50UK 6300 PTE SN: 807INJL10021",LG,"50UK 6300 PTE",807INJL10021,1,54990.00,54990.00,54990.00,"Marked: RPCPPE 2025 submitted to Accounting (2026-04-13) | RPCPPE_2025_LIST"
19096,14,1.06.05.020.00,"Everest, 3 tonner; Inverter; floor mounted SN: 340624293018719060041","floor mounted",,340624293018719060041,1,100168.00,100168.00,100168.00,"Marked: RPCPPE 2025 submitted to Accounting (2026-04-13) | RPCPPE_2025_LIST"
19097,14,1.06.05.020.00,"Everest; 5 tonner inverter; floor mounted SN: 340719813098C210160019",Everest,,340719813098C210160019,1,137436.00,137436.00,137436.00,"Marked: RPCPPE 2025 submitted to Accounting (2026-04-13) | RPCPPE_2025_LIST"
19098,14,1.06.05.020.00,"Everest; 5 tonner inverter; floor mounted SN: 340719813098C210160015",Everest,,340719813098C210160015,1,137436.00,137436.00,137436.00,"Marked: RPCPPE 2025 submitted to Accounting (2026-04-13) | RPCPPE_2025_LIST"
19099,14,1.06.05.020.00,"Everest; 5 tonner inverter; floor mounted SN: 340719813098C210160012",Everest,,340719813098C210160012,1,137436.00,137436.00,137436.00,"Marked: RPCPPE 2025 submitted to Accounting (2026-04-13) | RPCPPE_2025_LIST"
19100,14,1.06.05.020.00,"Everest; 5 tonner inverter; floor mounted SN: 340719813098C210160027",Everest,,340719813098C210160027,1,137436.00,137436.00,137436.00,"Marked: RPCPPE 2025 submitted to Accounting (2026-04-13) | RPCPPE_2025_LIST"
19101,14,1.06.05.020.00,"Everest; 5 tonner inverter; floor mounted SN: ,340719813098C210160016",Everest,,340719813098C210160016,1,137436.00,137436.00,137436.00,"Marked: RPCPPE 2025 submitted to Accounting (2026-04-13) | RPCPPE_2025_LIST"
19102,14,1.06.05.020.00,"Everest; 5 tonner inverter; floor mounted SN: 340719813098C210160018",Everest,,340719813098C210160018,1,137436.00,137436.00,137436.00,"Marked: RPCPPE 2025 submitted to Accounting (2026-04-13) | RPCPPE_2025_LIST"
19103,14,1.06.05.020.00,"5 tonner, floor mounted; Everest; SN: 2401248060163190160010",Everest,2401248060163190160010,2401248060163190160010,1,191000.00,191000.00,191000.00,"Marked: RPCPPE 2025 submitted to Accounting (2026-04-13) | RPCPPE_2025_LIST"
19104,14,1.06.05.020.00,"2.5M x 2M P 3.91 Indoor Full Color Led Screen: Module Specification; Pixel Pitch 3.91mm. Pixel Configuration: SMD2121; Module Resolution:64x64pixels; Scan Mode: 1/16 scan, Module Size: (WxH); 5pcs x 4pcs., Pixels Resolution (WxH): 896dotsx640dots, Brightness:?800cd/m2, Refresh Rates?384HZ, Viewing Angle: H: 140v: 120 Input Voltage: 200-240V, Max, Power Consumption: 600W/m2, Avg. Power Consumption: 200W/m@. IP Grade: IP43, Cabinet Material: die-casting aluminum. Includes: 1 unit video processors, 1 lot power cables, circuit breaker for LED Screen main supply, 1 lot customized rack with 5KVA AVR for power supply, 1 lot fabricated wall bracket for LED screen, 1 lot communication/signal cable, 1 lot additional fabricated mobile stand to combine the exixting LED screen for outdoor use",,,,1,810204.00,810204.00,810204.00,"Marked: RPCPPE 2025 submitted to Accounting (2026-04-13) | RPCPPE_2025_LIST"
19105,14,1.06.05.020.00,"55 inch, 4K Smart Google TV- TCL Model: 55P635; SN: 2401ALY209160B02038","55 inch, 4K Smart Google TV- TCL Model: 55P635",55P635,2401ALY209160B02038,1,50010.00,50010.00,50010.00,"Marked: RPCPPE 2025 submitted to Accounting (2026-04-13) | RPCPPE_2025_LIST"
19106,14,1.06.05.020.00,"55 inch, 4K Smart Google TV- TCL Model: 55P635; SN: 2401ALY209160B02028","55 inch, 4K Smart Google TV- TCL Model: 55P635",55P635,2401ALY209160B02028,1,50010.00,50010.00,50010.00,"Marked: RPCPPE 2025 submitted to Accounting (2026-04-13) | RPCPPE_2025_LIST"
19107,14,1.06.05.020.00,"55 inch, 4K Smart Google TV- TCL Model: 55P635; SN: 2401ALY209160B02036","55 inch, 4K Smart Google TV- TCL Model: 55P635",55P635,2401ALY209160B02036,1,50010.00,50010.00,50010.00,"Marked: RPCPPE 2025 submitted to Accounting (2026-04-13) | RPCPPE_2025_LIST"
19108,14,1.06.05.020.00,"55 inch, 4K Smart Google TV- TCL Model: 55P635; SN: 2401ALY209179C00907","55 inch, 4K Smart Google TV- TCL Model: 55P635",55P635,2401ALY209179C00907,1,50010.00,50010.00,50010.00,"Marked: RPCPPE 2025 submitted to Accounting (2026-04-13) | RPCPPE_2025_LIST"
19109,14,1.06.05.020.00,"55 inch, 4K Smart Google TV- TCL Model: 55P635; SN: 2401ALY209179C00952","55 inch, 4K Smart Google TV- TCL Model: 55P635",55P635,2401ALY209179C00952,1,50010.00,50010.00,50010.00,"Marked: RPCPPE 2025 submitted to Accounting (2026-04-13) | RPCPPE_2025_LIST"
19110,14,1.06.05.020.00,"55 inch, 4K Smart Google TV- TCL Model: 55P635; SN: 2401ALY209179C00476","55 inch, 4K Smart Google TV- TCL Model: 55P635",55P635,2401ALY209179C00476,1,50010.00,50010.00,50010.00,"Marked: RPCPPE 2025 submitted to Accounting (2026-04-13) | RPCPPE_2025_LIST"
19111,14,1.06.05.020.00,"55 inch, 4K Smart Google TV- TCL Model: 55P635; SN: 2401ALY209179C00485","55 inch, 4K Smart Google TV- TCL Model: 55P635",55P635,2401ALY209179C00485,1,50010.00,50010.00,50010.00,"Marked: RPCPPE 2025 submitted to Accounting (2026-04-13) | RPCPPE_2025_LIST"
19112,14,1.06.05.020.00,"55 inch, 4K Smart Google TV- TCL Model: 55P635; SN: 2401ALY209179C00936","55 inch, 4K Smart Google TV- TCL Model: 55P635",55P635,2401ALY209179C00936,1,50010.00,50010.00,50010.00,"Marked: RPCPPE 2025 submitted to Accounting (2026-04-13) | RPCPPE_2025_LIST"
19113,14,1.06.05.020.00,"55 inch, 4K Smart Google TV- TCL Model: 55P635; SN: 2401ALY209160B02189","55 inch, 4K Smart Google TV- TCL Model: 55P635",55P635,2401ALY209160B02189,1,50010.00,50010.00,50010.00,"Marked: RPCPPE 2025 submitted to Accounting (2026-04-13) | RPCPPE_2025_LIST"
19114,14,1.06.05.020.00,"55 inch, 4K Smart Google TV- TCL Model: 55P635; SN: 2401ALY209160B02195","55 inch, 4K Smart Google TV- TCL Model: 55P635",55P635,2401ALY209160B02195,1,50010.00,50010.00,50010.00,"Marked: RPCPPE 2025 submitted to Accounting (2026-04-13) | RPCPPE_2025_LIST"
19115,14,1.06.05.020.00,"55 inch, 4K Smart Google TV- TCL Model: 55P635; SN: 2401ALY209179C00905","55 inch, 4K Smart Google TV- TCL Model: 55P635",55P635,2401ALY209179C00905,1,50010.00,50010.00,50010.00,"Marked: RPCPPE 2025 submitted to Accounting (2026-04-13) | RPCPPE_2025_LIST"
19116,14,1.06.05.020.00,"55 inch, 4K Smart Google TV- TCL Model: 55P635; SN: 2401ALY209179C00144","55 inch, 4K Smart Google TV- TCL Model: 55P635",55P635,2401ALY209179C00144,1,50010.00,50010.00,50010.00,"Marked: RPCPPE 2025 submitted to Accounting (2026-04-13) | RPCPPE_2025_LIST"
19117,14,1.06.05.020.00,"55 inch, 4K Smart Google TV- TCL Model: 55P635; SN: 2401ALY209179C00662","55 inch, 4K Smart Google TV- TCL Model: 55P635",55P635,2401ALY209179C00662,1,50010.00,50010.00,50010.00,"Marked: RPCPPE 2025 submitted to Accounting (2026-04-13) | RPCPPE_2025_LIST"
19118,14,1.06.05.020.00,"55 inch, 4K Smart Google TV- TCL Model: 55P635; SN: 2401ALY209160B02041","55 inch, 4K Smart Google TV- TCL Model: 55P635",55P635,2401ALY209160B02041,1,50010.00,50010.00,50010.00,"Marked: RPCPPE 2025 submitted to Accounting (2026-04-13) | RPCPPE_2025_LIST"
19119,14,1.06.05.020.00,"55 inch, 4K Smart Google TV- TCL Model: 55P635; SN: 2401ALY209179C00841","55 inch, 4K Smart Google TV- TCL Model: 55P635",55P635,2401ALY209179C00841,1,50010.00,50010.00,50010.00,"Marked: RPCPPE 2025 submitted to Accounting (2026-04-13) | RPCPPE_2025_LIST"
19120,14,1.06.05.020.00,"55 inch, 4K Smart Google TV- TCL Model: 55P635; SN: 2401ALY209160B02041","55 inch, 4K Smart Google TV- TCL Model: 55P635",55P635,2401ALY209160B02041,1,50010.00,50010.00,50010.00,"Marked: RPCPPE 2025 submitted to Accounting (2026-04-13) | RPCPPE_2025_LIST"
19121,14,1.06.05.020.00,"55 inch, 4K Smart Google TV- TCL Model: 55P635; SN: 2401ALY209179C00154","55 inch, 4K Smart Google TV- TCL Model: 55P635",55P635,2401ALY209179C00154,1,50010.00,50010.00,50010.00,"Marked: RPCPPE 2025 submitted to Accounting (2026-04-13) | RPCPPE_2025_LIST"
19122,14,1.06.05.020.00,"55 inch, 4K Smart Google TV- TCL Model: 55P635; SN: 2401ALY209179C00937","55 inch, 4K Smart Google TV- TCL Model: 55P635",55P635,2401ALY209179C00937,1,50010.00,50010.00,50010.00,"Marked: RPCPPE 2025 submitted to Accounting (2026-04-13) | RPCPPE_2025_LIST"
19123,14,1.06.05.020.00,"55 inch, 4K Smart Google TV- TCL Model: 55P635; SN: 2401ALY209179C00931","55 inch, 4K Smart Google TV- TCL Model: 55P635",55P635,2401ALY209179C00931,1,50010.00,50010.00,50010.00,"Marked: RPCPPE 2025 submitted to Accounting (2026-04-13) | RPCPPE_2025_LIST"
19124,14,1.06.05.020.00,"55 inch, 4K Smart Google TV- TCL Model: 55P635; SN: 2401ALY209179C00923","55 inch, 4K Smart Google TV- TCL Model: 55P635",55P635,2401ALY209179C00923,1,50010.00,50010.00,50010.00,"Marked: RPCPPE 2025 submitted to Accounting (2026-04-13) | RPCPPE_2025_LIST"
19125,14,1.06.05.020.00,"55 inch, 4K Smart Google TV- TCL Model: 55P635; SN: 2401ALY209160B02250","55 inch, 4K Smart Google TV- TCL Model: 55P635",55P635,2401ALY209160B02250,1,50010.00,50010.00,50010.00,"Marked: RPCPPE 2025 submitted to Accounting (2026-04-13) | RPCPPE_2025_LIST"
19126,14,1.06.05.020.00,"55 inch, 4K Smart Google TV- TCL Model: 55P635; SN: 2401ALY209160B02058","55 inch, 4K Smart Google TV- TCL Model: 55P635",55P635,2401ALY209160B02058,1,50010.00,50010.00,50010.00,"Marked: RPCPPE 2025 submitted to Accounting (2026-04-13) | RPCPPE_2025_LIST"
19127,14,1.06.05.020.00,"55 inch, 4K Smart Google TV- TCL Model: 55P635; SN: 2401ALY209160B02183","55 inch, 4K Smart Google TV- TCL Model: 55P635",55P635,2401ALY209160B02183,1,50010.00,50010.00,50010.00,"Marked: RPCPPE 2025 submitted to Accounting (2026-04-13) | RPCPPE_2025_LIST"
19128,14,1.06.05.020.00,"55 inch, 4K Smart Google TV- TCL Model: 55P635; SN: 2401ALY209160B02190","55 inch, 4K Smart Google TV- TCL Model: 55P635",55P635,2401ALY209160B02190,1,50010.00,50010.00,50010.00,"Marked: RPCPPE 2025 submitted to Accounting (2026-04-13) | RPCPPE_2025_LIST"
19129,14,1.06.05.020.00,"55 inch, 4K Smart Google TV- TCL Model: 55P635; SN: 2401ALY209160B02037","55 inch, 4K Smart Google TV- TCL Model: 55P635",55P635,2401ALY209160B02037,1,50010.00,50010.00,50010.00,"Marked: RPCPPE 2025 submitted to Accounting (2026-04-13) | RPCPPE_2025_LIST"
19130,14,1.06.05.020.00,"55 inch, 4K Smart Google TV- TCL Model: 55P635; SN: 2401ALY209160B02252","55 inch, 4K Smart Google TV- TCL Model: 55P635",55P635,2401ALY209160B02252,1,50010.00,50010.00,50010.00,"Marked: RPCPPE 2025 submitted to Accounting (2026-04-13) | RPCPPE_2025_LIST"
19131,14,1.06.05.020.00,"55 inch, 4K Smart Google TV- TCL Model: 55P635; SN: 2401ALY209160B02191","55 inch, 4K Smart Google TV- TCL Model: 55P635",55P635,2401ALY209160B02191,1,50010.00,50010.00,50010.00,"Marked: RPCPPE 2025 submitted to Accounting (2026-04-13) | RPCPPE_2025_LIST"
19132,14,1.06.05.020.00,"56 inch, 4K Smart Google TV- TCL Model: 55P635; SN: 2401ALY209160B02105","56 inch, 4K Smart Google TV- TCL Model: 55P635",55P635,2401ALY209160B02105,1,50010.00,50010.00,50010.00,"Marked: RPCPPE 2025 submitted to Accounting (2026-04-13) | RPCPPE_2025_LIST"
19133,14,1.06.05.020.00,"55 inch, 4K Smart Google TV- TCL Model: 55P635; SN: 2401ALY209179C00946","55 inch, 4K Smart Google TV- TCL Model: 55P635",55P635,2401ALY209179C00946,1,50010.00,50010.00,50010.00,"Marked: RPCPPE 2025 submitted to Accounting (2026-04-13) | RPCPPE_2025_LIST"
19134,14,1.06.05.020.00,"55 inch, 4K Smart Google TV- TCL Model: 55P635; SN: 2401ALY209179C00138","55 inch, 4K Smart Google TV- TCL Model: 55P635",55P635,2401ALY209179C00138,1,50010.00,50010.00,50010.00,"Marked: RPCPPE 2025 submitted to Accounting (2026-04-13) | RPCPPE_2025_LIST"
19135,14,1.06.05.020.00,"55 inch, 4K Smart Google TV- TCL Model: 55P635; SN: 2401ALY209179C00473","55 inch, 4K Smart Google TV- TCL Model: 55P635",55P635,2401ALY209179C00473,1,50010.00,50010.00,50010.00,"Marked: RPCPPE 2025 submitted to Accounting (2026-04-13) | RPCPPE_2025_LIST"
19136,14,1.06.05.020.00,"55 inch, 4K Smart Google TV- TCL Model: 55P635; SN: 2401ALY209160B02245","55 inch, 4K Smart Google TV- TCL Model: 55P635",55P635,2401ALY209160B02245,1,50010.00,50010.00,50010.00,"Marked: RPCPPE 2025 submitted to Accounting (2026-04-13) | RPCPPE_2025_LIST"
19137,14,1.06.05.020.00,"55 inch, 4K Smart Google TV- TCL Model: 55P635; SN: 2401ALY209179C00951","55 inch, 4K Smart Google TV- TCL Model: 55P635",55P635,2401ALY209179C00951,1,50010.00,50010.00,50010.00,"Marked: RPCPPE 2025 submitted to Accounting (2026-04-13) | RPCPPE_2025_LIST"
19138,14,1.06.05.020.00,"55 inch, 4K Smart Google TV- TCL Model: 55P635; SN: 2401ALY209160B02044","55 inch, 4K Smart Google TV- TCL Model: 55P635",55P635,2401ALY209160B02044,1,50010.00,50010.00,50010.00,"Marked: RPCPPE 2025 submitted to Accounting (2026-04-13) | RPCPPE_2025_LIST"
19139,14,1.06.05.020.00,"55 inch, 4K Smart Google TV- TCL Model: 55P635; SN: 2401ALY209160B02046","55 inch, 4K Smart Google TV- TCL Model: 55P635",55P635,2401ALY209160B02046,1,50010.00,50010.00,50010.00,"Marked: RPCPPE 2025 submitted to Accounting (2026-04-13) | RPCPPE_2025_LIST"
19140,14,1.06.05.020.00,"55 inch, 4K Smart Google TV- TCL Model: 55P635; SN: 2401ALY209160B02057","55 inch, 4K Smart Google TV- TCL Model: 55P635",55P635,2401ALY209160B02057,1,50010.00,50010.00,50010.00,"Marked: RPCPPE 2025 submitted to Accounting (2026-04-13) | RPCPPE_2025_LIST"
19141,14,1.06.05.020.00,"55 inch, 4K Smart Google TV- TCL Model: 55P635; SN: 2401ALY209160B02186","55 inch, 4K Smart Google TV- TCL Model: 55P635",55P635,2401ALY209160B02186,1,50010.00,50010.00,50010.00,"Marked: RPCPPE 2025 submitted to Accounting (2026-04-13) | RPCPPE_2025_LIST"
19142,14,1.06.05.020.00,"55 inch, 4K Smart Google TV- TCL Model: 55P635; SN: 2401ALY209179C00924","55 inch, 4K Smart Google TV- TCL Model: 55P635",55P635,2401ALY209179C00924,1,50010.00,50010.00,50010.00,"Marked: RPCPPE 2025 submitted to Accounting (2026-04-13) | RPCPPE_2025_LIST"
19143,14,1.06.05.020.00,"55 inch, 4K Smart Google TV- TCL Model: 55P635; SN: 2401ALY209179C00891","55 inch, 4K Smart Google TV- TCL Model: 55P635",55P635,2401ALY209179C00891,1,50010.00,50010.00,50010.00,"Marked: RPCPPE 2025 submitted to Accounting (2026-04-13) | RPCPPE_2025_LIST"
19144,14,1.06.05.020.00,"55 inch, 4K Smart Google TV- TCL Model: 55P635; SN: 2401ALY209179C00908","55 inch, 4K Smart Google TV- TCL Model: 55P635",55P635,2401ALY209179C00908,1,50010.00,50010.00,50010.00,"Marked: RPCPPE 2025 submitted to Accounting (2026-04-13) | RPCPPE_2025_LIST"
19145,14,1.06.05.020.00,"55 inch, 4K Smart Google TV- TCL Model: 55P635; SN: 2401ALY209179C00878","55 inch, 4K Smart Google TV- TCL Model: 55P635",55P635,2401ALY209179C00878,1,50010.00,50010.00,50010.00,"Marked: RPCPPE 2025 submitted to Accounting (2026-04-13) | RPCPPE_2025_LIST"
19146,14,1.06.05.020.00,"55 inch, 4K Smart Google TV- TCL Model: 55P635; SN: 2401ALY209179C00805","55 inch, 4K Smart Google TV- TCL Model: 55P635",55P635,2401ALY209179C00805,1,50010.00,50010.00,50010.00,"Marked: RPCPPE 2025 submitted to Accounting (2026-04-13) | RPCPPE_2025_LIST"
19147,14,1.06.05.020.00,"55 inch, 4K Smart Google TV- TCL Model: 55P635; SN: 2401ALY209179C00470","55 inch, 4K Smart Google TV- TCL Model: 55P635",55P635,2401ALY209179C00470,1,50010.00,50010.00,50010.00,"Marked: RPCPPE 2025 submitted to Accounting (2026-04-13) | RPCPPE_2025_LIST"
19148,14,1.06.05.020.00,"55 inch, 4K Smart Google TV- TCL Model: 55P635; SN: 2401ALY209179C00930","55 inch, 4K Smart Google TV- TCL Model: 55P635",55P635,2401ALY209179C00930,1,50010.00,50010.00,50010.00,"Marked: RPCPPE 2025 submitted to Accounting (2026-04-13) | RPCPPE_2025_LIST"
19149,14,1.06.05.020.00,"55 inch, 4K Smart Google TV- TCL Model: 55P635; SN: 2401ALY209179C00911","55 inch, 4K Smart Google TV- TCL Model: 55P635",55P635,2401ALY209179C00911,1,50010.00,50010.00,50010.00,"Marked: RPCPPE 2025 submitted to Accounting (2026-04-13) | RPCPPE_2025_LIST"
19150,14,1.06.05.020.00,"55 inch, 4K Smart Google TV- TCL Model: 55P635; SN: 2401ALY209179C00917","55 inch, 4K Smart Google TV- TCL Model: 55P635",55P635,2401ALY209179C00917,1,50010.00,50010.00,50010.00,"Marked: RPCPPE 2025 submitted to Accounting (2026-04-13) | RPCPPE_2025_LIST"
19151,14,1.06.05.020.00,"55 inch, 4K Smart Google TV- TCL Model: 55P635; SN: 2401ALY209179C00469","55 inch, 4K Smart Google TV- TCL Model: 55P635",55P635,2401ALY209179C00469,1,50010.00,50010.00,50010.00,"Marked: RPCPPE 2025 submitted to Accounting (2026-04-13) | RPCPPE_2025_LIST"
19152,14,1.06.05.020.00,"55 inch, 4K Smart Google TV- TCL Model: 55P635; SN: 2401ALY209179C00803","55 inch, 4K Smart Google TV- TCL Model: 55P635",55P635,2401ALY209179C00803,1,50010.00,50010.00,50010.00,"Marked: RPCPPE 2025 submitted to Accounting (2026-04-13) | RPCPPE_2025_LIST"
19153,14,1.06.05.020.00,"55 inch, 4K Smart Google TV- TCL Model: 55P635; SN: 2401ALY209160B02142","55 inch, 4K Smart Google TV- TCL Model: 55P635",55P635,2401ALY209160B02142,1,50010.00,50010.00,50010.00,"Marked: RPCPPE 2025 submitted to Accounting (2026-04-13) | RPCPPE_2025_LIST"
19154,14,1.06.05.020.00,"55 inch, 4K Smart Google TV- TCL Model: 55P635; SN: 2401ALY209179C00894","55 inch, 4K Smart Google TV- TCL Model: 55P635",55P635,2401ALY209179C00894,1,50010.00,50010.00,50010.00,"Marked: RPCPPE 2025 submitted to Accounting (2026-04-13) | RPCPPE_2025_LIST"
19155,14,1.06.05.020.00,"55 inch, 4K Smart Google TV- TCL Model: 55P635; SN: 2401ALY209179C00142","55 inch, 4K Smart Google TV- TCL Model: 55P635",55P635,2401ALY209179C00142,1,50010.00,50010.00,50010.00,"Marked: RPCPPE 2025 submitted to Accounting (2026-04-13) | RPCPPE_2025_LIST"
19156,14,1.06.05.020.00,"55 inch, 4K Smart Google TV- TCL Model: 55P635; SN: 2401ALY209179C00143","55 inch, 4K Smart Google TV- TCL Model: 55P635",55P635,2401ALY209179C00143,1,50010.00,50010.00,50010.00,"Marked: RPCPPE 2025 submitted to Accounting (2026-04-13) | RPCPPE_2025_LIST"
19157,14,1.06.05.020.00,"55 inch, 4K Smart Google TV- TCL Model: 55P635; SN: 2401ALY209160B02106","55 inch, 4K Smart Google TV- TCL Model: 55P635",55P635,2401ALY209160B02106,1,50010.00,50010.00,50010.00,"Marked: RPCPPE 2025 submitted to Accounting (2026-04-13) | RPCPPE_2025_LIST"
19158,14,1.06.05.020.00,"55 inch, 4K Smart Google TV- TCL Model: 55P635; SN: 2401ALY209179C00240","55 inch, 4K Smart Google TV- TCL Model: 55P635",55P635,2401ALY209179C00240,1,50010.00,50010.00,50010.00,"Marked: RPCPPE 2025 submitted to Accounting (2026-04-13) | RPCPPE_2025_LIST"
19159,14,1.06.05.020.00,"55 inch, 4K Smart Google TV- TCL Model: 55P635; SN: 2401ALY209179C00478","55 inch, 4K Smart Google TV- TCL Model: 55P635",55P635,2401ALY209179C00478,1,50010.00,50010.00,50010.00,"Marked: RPCPPE 2025 submitted to Accounting (2026-04-13) | RPCPPE_2025_LIST"
19160,14,1.06.05.020.00,"55 inch, 4K Smart Google TV- TCL Model: 55P635; SN: 2401ALY209160B02140","55 inch, 4K Smart Google TV- TCL Model: 55P635",55P635,2401ALY209160B02140,1,50010.00,50010.00,50010.00,"Marked: RPCPPE 2025 submitted to Accounting (2026-04-13) | RPCPPE_2025_LIST"
19161,14,1.06.05.020.00,"55 inch, 4K Smart Google TV- TCL Model: 55P635; SN: 2401ALY209160B02182","55 inch, 4K Smart Google TV- TCL Model: 55P635",55P635,2401ALY209160B02182,1,50010.00,50010.00,50010.00,"Marked: RPCPPE 2025 submitted to Accounting (2026-04-13) | RPCPPE_2025_LIST"
19162,14,1.06.05.020.00,"55 inch, 4K Smart Google TV- TCL Model: 55P635; SN: 2401ALY209160B02469","55 inch, 4K Smart Google TV- TCL Model: 55P635",55P635,2401ALY209160B02469,1,50010.00,50010.00,50010.00,"Marked: RPCPPE 2025 submitted to Accounting (2026-04-13) | RPCPPE_2025_LIST"
19163,14,1.06.05.020.00,"55 inch, 4K Smart Google TV- TCL Model: 55P635; SN: 2401ALY209179C00933","55 inch, 4K Smart Google TV- TCL Model: 55P635",55P635,2401ALY209179C00933,1,50010.00,50010.00,50010.00,"Marked: RPCPPE 2025 submitted to Accounting (2026-04-13) | RPCPPE_2025_LIST"
19164,14,1.06.05.020.00,"55 inch, 4K Smart Google TV- TCL Model: 55P635; SN: 2401ALY209160B02187","55 inch, 4K Smart Google TV- TCL Model: 55P635",55P635,2401ALY209160B02187,1,50010.00,50010.00,50010.00,"Marked: RPCPPE 2025 submitted to Accounting (2026-04-13) | RPCPPE_2025_LIST"
19165,14,1.06.05.020.00,"55 inch, 4K Smart Google TV- TCL Model: 55P635; SN: 2401ALY209160B02192","55 inch, 4K Smart Google TV- TCL Model: 55P635",55P635,2401ALY209160B02192,1,50010.00,50010.00,50010.00,"Marked: RPCPPE 2025 submitted to Accounting (2026-04-13) | RPCPPE_2025_LIST"
19166,14,1.06.05.020.00,"55 inch, 4K Smart Google TV- TCL Model: 55P635; SN: 2401ALY210070B00998","55 inch, 4K Smart Google TV- TCL Model: 55P635",55P635,2401ALY210070B00998,1,50010.00,50010.00,50010.00,"Marked: RPCPPE 2025 submitted to Accounting (2026-04-13) | RPCPPE_2025_LIST"
19167,14,1.06.05.020.00,"55 inch, 4K Smart Google TV- TCL Model: 55P635; SN: 2401ALY209160B02196","55 inch, 4K Smart Google TV- TCL Model: 55P635",55P635,2401ALY209160B02196,1,50010.00,50010.00,50010.00,"Marked: RPCPPE 2025 submitted to Accounting (2026-04-13) | RPCPPE_2025_LIST"
19168,14,1.06.05.020.00,"55 inch, 4K Smart Google TV- TCL Model: 55P635; SN: 2401ALY209160B02143","55 inch, 4K Smart Google TV- TCL Model: 55P635",55P635,2401ALY209160B02143,1,50010.00,50010.00,50010.00,"Marked: RPCPPE 2025 submitted to Accounting (2026-04-13) | RPCPPE_2025_LIST"
19169,14,1.06.05.020.00,"55 inch, 4K Smart Google TV- TCL Model: 55P635; SN: 2401ALY209160B02029","55 inch, 4K Smart Google TV- TCL Model: 55P635",55P635,2401ALY209160B02029,1,50010.00,50010.00,50010.00,"Marked: RPCPPE 2025 submitted to Accounting (2026-04-13) | RPCPPE_2025_LIST"
19170,14,1.06.05.020.00,"55 inch, 4K Smart Google TV- TCL Model: 55P635; SN: 2401ALY209179C00922","55 inch, 4K Smart Google TV- TCL Model: 55P635",55P635,2401ALY209179C00922,1,50010.00,50010.00,50010.00,"Marked: RPCPPE 2025 submitted to Accounting (2026-04-13) | RPCPPE_2025_LIST"
19171,14,1.06.05.020.00,"55 inch, 4K Smart Google TV- TCL Model: 55P635; SN: 2401ALY209160B02181","55 inch, 4K Smart Google TV- TCL Model: 55P635",55P635,2401ALY209160B02181,1,50010.00,50010.00,50010.00,"Marked: RPCPPE 2025 submitted to Accounting (2026-04-13) | RPCPPE_2025_LIST"
19172,14,1.06.05.020.00,"55 inch, 4K Smart Google TV- TCL Model: 55P635; SN: 2401ALY209160B02040","55 inch, 4K Smart Google TV- TCL Model: 55P635",55P635,2401ALY209160B02040,1,50010.00,50010.00,50010.00,"Marked: RPCPPE 2025 submitted to Accounting (2026-04-13) | RPCPPE_2025_LIST"
19173,14,1.06.05.020.00,"55 inch, 4K Smart Google TV- TCL Model: 55P635; SN: 2401ALY209160B02034","55 inch, 4K Smart Google TV- TCL Model: 55P635",55P635,2401ALY209160B02034,1,50010.00,50010.00,50010.00,"Marked: RPCPPE 2025 submitted to Accounting (2026-04-13) | RPCPPE_2025_LIST"
19174,14,1.06.05.020.00,"55 inch, 4K Smart Google TV- TCL Model: 55P635; SN: 2401ALY209160B02372","55 inch, 4K Smart Google TV- TCL Model: 55P635",55P635,2401ALY209160B02372,1,50010.00,50010.00,50010.00,"Marked: RPCPPE 2025 submitted to Accounting (2026-04-13) | RPCPPE_2025_LIST"
19175,14,1.06.05.020.00,"55 inch, 4K Smart Google TV- TCL Model: 55P635; SN: 2401ALY209160B02033","55 inch, 4K Smart Google TV- TCL Model: 55P635",55P635,2401ALY209160B02033,1,50010.00,50010.00,50010.00,"Marked: RPCPPE 2025 submitted to Accounting (2026-04-13) | RPCPPE_2025_LIST"
19176,14,1.06.05.020.00,"55 inch, 4K Smart Google TV- TCL Model: 55P635; SN: 2401ALY209179C00941","55 inch, 4K Smart Google TV- TCL Model: 55P635",55P635,2401ALY209179C00941,1,50010.00,50010.00,50010.00,"Marked: RPCPPE 2025 submitted to Accounting (2026-04-13) | RPCPPE_2025_LIST"
19177,14,1.06.05.020.00,"55 inch, 4K Smart Google TV- TCL Model: 55P635; SN: 2401ALY209179C00915","55 inch, 4K Smart Google TV- TCL Model: 55P635",55P635,2401ALY209179C00915,1,50010.00,50010.00,50010.00,"Marked: RPCPPE 2025 submitted to Accounting (2026-04-13) | RPCPPE_2025_LIST"
19178,14,1.06.05.020.00,"55 inch, 4K Smart Google TV- TCL Model: 55P635; SN: 2401ALY209160B02185",TCL,55P635,2401ALY209160B02185,1,61000.00,61000.00,61000.00,"Marked: RPCPPE 2025 submitted to Accounting (2026-04-13) | RPCPPE_2025_LIST"
19179,14,1.06.05.020.00,"55 inch, 4K Smart Google TV- TCL Model: 55P635; SN: 2401ALY209160B02032",TCL,55P635,2401ALY209160B02032,1,61000.00,61000.00,61000.00,"Marked: RPCPPE 2025 submitted to Accounting (2026-04-13) | RPCPPE_2025_LIST"
19180,14,1.06.05.020.00,"55 inch, 4K Smart Google TV- TCL Model: 55P635; SN: 2401ALY209160B02260",TCL,55P635,2401ALY209160B02260,1,61000.00,61000.00,61000.00,"Marked: RPCPPE 2025 submitted to Accounting (2026-04-13) | RPCPPE_2025_LIST"
19181,14,1.06.05.020.00,"55 inch, 4K Smart Google TV- TCL Model: 55P635; SN: 2401ALY209160B02259",TCL,55P635,2401ALY209160B02259,1,61000.00,61000.00,61000.00,"Marked: RPCPPE 2025 submitted to Accounting (2026-04-13) | RPCPPE_2025_LIST"
19182,14,1.06.05.020.00,"55 inch, 4K Smart Google TV- TCL Model: 55P635; SN: 2401ALY209179C00929",TCL,55P635,2401ALY209179C00929,1,61000.00,61000.00,61000.00,"Marked: RPCPPE 2025 submitted to Accounting (2026-04-13) | RPCPPE_2025_LIST"
19183,14,1.06.05.020.00,"75' UHD 4K Smart Television - SAMSUNG Model: UA75CU7000G SN: 0NWE3NNX100123",SAMSUNG,UA75CU7000G,0NWE3NNX100123,1,82000.00,82000.00,82000.00,"Marked: RPCPPE 2025 submitted to Accounting (2026-04-13) | RPCPPE_2025_LIST"
19184,14,1.06.05.020.00,"75' UHD 4K Smart Television - SAMSUNG Model: UA75CU7000G SN: 0NWE3NNX100076",SAMSUNG,UA75CU7000G,0NWE3NNX100076,1,82000.00,82000.00,82000.00,"Marked: RPCPPE 2025 submitted to Accounting (2026-04-13) | RPCPPE_2025_LIST"
19185,14,1.06.05.020.00,"75' UHD 4K Smart Television - SAMSUNG Model: UA75CU7000G SN: 0NWE3NNX100061",SAMSUNG,UA75CU7000G,0NWE3NNX100061,1,82000.00,82000.00,82000.00,"Marked: RPCPPE 2025 submitted to Accounting (2026-04-13) | RPCPPE_2025_LIST"
19186,14,1.06.05.020.00,"75' UHD 4K Smart Television - SAMSUNG Model: UA75CU7000G SN: 0NWE3NNX100077",SAMSUNG,UA75CU7000G,0NWE3NNX100077,1,82000.00,82000.00,82000.00,"Marked: RPCPPE 2025 submitted to Accounting (2026-04-13) | RPCPPE_2025_LIST"
19187,14,1.06.05.020.00,"75' UHD 4K Smart Television - SAMSUNG Model: UA75CU7000G SN: 0NWE3NNX100104",SAMSUNG,UA75CU7000G,0NWE3NNX100104,1,82000.00,82000.00,82000.00,"Marked: RPCPPE 2025 submitted to Accounting (2026-04-13) | RPCPPE_2025_LIST"
19188,14,1.06.05.020.00,"75' UHD 4K Smart Television - SAMSUNG Model: UA75CU7000G SN: 0NWE3NNX100074",SAMSUNG,UA75CU7000G,0NWE3NNX100074,1,82000.00,82000.00,82000.00,"Marked: RPCPPE 2025 submitted to Accounting (2026-04-13) | RPCPPE_2025_LIST"
19189,14,1.06.05.020.00,"75' UHD 4K Smart Television - SAMSUNG Model: UA75CU7000G SN: 0NWE3NNX100083",SAMSUNG,UA75CU7000G,0NWE3NNX100083,1,82000.00,82000.00,82000.00,"Marked: RPCPPE 2025 submitted to Accounting (2026-04-13) | RPCPPE_2025_LIST"
19190,14,1.06.05.020.00,"75' UHD 4K Smart Television - SAMSUNG Model: UA75CU7000G SN: 0NWE3NNX100113",SAMSUNG,UA75CU7000G,0NWE3NNX100113,1,82000.00,82000.00,82000.00,"Marked: RPCPPE 2025 submitted to Accounting (2026-04-13) | RPCPPE_2025_LIST"
19191,14,1.06.05.020.00,"75' UHD 4K Smart Television - SAMSUNG Model: UA75CU7000G SN: 0NWE3NNWB00080",SAMSUNG,UA75CU7000G,0NWE3NNWB00080,1,82000.00,82000.00,82000.00,"Marked: RPCPPE 2025 submitted to Accounting (2026-04-13) | RPCPPE_2025_LIST"
19192,14,1.06.05.020.00,"75' UHD 4K Smart Television - SAMSUNG Model: UA75CU7000G SN: 0NWE3NNX100075",SAMSUNG,UA75CU7000G,0NWE3NNX100075,1,82000.00,82000.00,82000.00,"Marked: RPCPPE 2025 submitted to Accounting (2026-04-13) | RPCPPE_2025_LIST"
19193,14,1.06.05.020.00,"75' UHD 4K Smart Television - SAMSUNG Model: UA75CU7000G SN: 0NWE3NNX100080",SAMSUNG,UA75CU7000G,0NWE3NNX100080,1,82000.00,82000.00,82000.00,"Marked: RPCPPE 2025 submitted to Accounting (2026-04-13) | RPCPPE_2025_LIST"
19194,14,1.06.05.020.00,"75' UHD 4K Smart Television - SAMSUNG Model: UA75CU7000G SN: 0NWE3NNX100072",SAMSUNG,UA75CU7000G,0NWE3NNX100072,1,82000.00,82000.00,82000.00,"Marked: RPCPPE 2025 submitted to Accounting (2026-04-13) | RPCPPE_2025_LIST"
19195,14,1.06.05.020.00,"75' UHD 4K Smart Television - SAMSUNG Model: UA75CU7000G SN: 0NWE3NNX100110",SAMSUNG,UA75CU7000G,0NWE3NNX100110,1,82000.00,82000.00,82000.00,"Marked: RPCPPE 2025 submitted to Accounting (2026-04-13) | RPCPPE_2025_LIST"
19196,14,1.06.05.020.00,"65"" UHD 4K, refresh rate 60Hz, SAMSUNG - UA65DU7000G SN: 0U4A3NEX301051",SAMSUNG,UA65DU7000G,0U4A3NEX301051,1,57450.00,57450.00,57450.00,"Marked: RPCPPE 2025 submitted to Accounting (2026-04-13) | RPCPPE_2025_LIST"
19197,14,1.06.05.020.00,"65"" UHD 4K, refresh rate 60Hz, SAMSUNG - UA65DU7000G SN: 0U4A3NEX300587",SAMSUNG,UA65DU7000G,0U4A3NEX300587,1,57450.00,57450.00,57450.00,"Marked: RPCPPE 2025 submitted to Accounting (2026-04-13) | RPCPPE_2025_LIST"
19198,14,1.06.05.020.00,"75 inch touchscreen, 3,840 x 2,160 pixels, 400 cd/m2 brigthness, Plug and Play Android apps, easy-to use interface and built-in Apps, built-in camera and microphone for interactive conference, HDMI, USB or type-C compatible, split-screen presentation capability, picture-in picture function, multi-touch support for up to 20 mutli; MODEL: DHI-LCH75-MC410-B; SN: AA00E8BPGT00045","MODEL: DHI-LCH75-MC410-B",DHI-LCH75-MC410-B,AA00E8BPGT00045,1,110000.00,110000.00,110000.00,"Marked: RPCPPE 2025 submitted to Accounting (2026-04-13) | RPCPPE_2025_LIST"
19199,14,1.06.05.020.00,"""SET- (ABRAM) 4Mx2.5M P3.91 INDOOR FULL COLORED LED DISPLAY
Includes:
40 pcs. 500mmx500mmx87mm LED display cabinet
2 pcs Novastar all in one video processors. 
SN: 2KUA03C07W0A10003277
SN: 2KUA03C07W0A10003347
8 pcs. 250mmx250mm spare module
4 pcs. Spare power supply
4 pcs spare nova receiver
8 pcs. 0.5M hanging beam
1-unit AVR- 10KVA (STAVCI)
75M 2.Omm2 (14#) 2C Royal Cord
2 pcs 30m heavy duty HDMI""",ABRAM,,"2KUA03C07W0A10003277 SN: 2KUA03C07W0A10003347 8 pcs. 250mmx250mm spare module 4 pcs. Spare power supply 4 pcs spare nova receiver 8 pcs. 0.5M hanging beam 1-unit AVR- 10KVA (STAVCI) 75M 2.Omm2 (14#) 2",1,1587500.00,1587500.00,1587500.00,"Marked: RPCPPE 2025 submitted to Accounting (2026-04-13) | RPCPPE_2025_LIST"
19370,14,1.06.05.020.00,"65"" UHD 4K, refresh rate 60Hz, SAMSUNG - UA65DU7000G SN: 0U4A3NEX300583",SAMSUNG,UA65DU7000G,0U4A3NEX300583,1,57450.00,57450.00,57450.00,"Marked: RPCPPE 2025 submitted to Accounting (2026-04-13) | RPCPPE_2025_LIST"
19371,14,1.06.05.020.00,"65"" UHD 4K, refresh rate 60Hz, SAMSUNG - UA65DU7000G SN: 	0U4A3NEX301052",SAMSUNG,UA65DU7000G,0U4A3NEX301052,1,57450.00,57450.00,57450.00,"Marked: RPCPPE 2025 submitted to Accounting (2026-04-13) | RPCPPE_2025_LIST"
19372,14,1.06.05.020.00,"65"" UHD 4K, refresh rate 60Hz, SAMSUNG - UA65DU7000G SN: 	0U4A3NEX301056",SAMSUNG,UA65DU7000G,0U4A3NEX301056,1,57450.00,57450.00,57450.00,"Marked: RPCPPE 2025 submitted to Accounting (2026-04-13) | RPCPPE_2025_LIST"
19373,14,1.06.05.020.00,"65"" UHD 4K, refresh rate 60Hz, SAMSUNG - UA65DU7000G SN: 	0U4A3NEX300668",SAMSUNG,UA65DU7000G,0U4A3NEX300668,1,57450.00,57450.00,57450.00,"Marked: RPCPPE 2025 submitted to Accounting (2026-04-13) | RPCPPE_2025_LIST"
19374,14,1.06.05.020.00,"Everest, 3 tonner; SN: 240062374015C140160054;",Everest,"3 Tonner",240062374015C140160054,1,71500.00,71500.00,71500.00,"Marked: RPCPPE 2025 submitted to Accounting (2026-04-13) | RPCPPE_2025_LIST"
19375,14,1.06.05.020.00,"Everest, 3 tonner; SN: AHU: 24006237015C140160030: ACCU: 24006237025C090160033z",Everest,"3 Tonner","AHU:24006237015C140160030 / ACCU:24006237025C090160033z",1,71500.00,71500.00,71500.00,"Marked: RPCPPE 2025 submitted to Accounting (2026-04-13) | RPCPPE_2025_LIST"
19376,14,1.06.05.020.00,"Everest, 3 tonner; SN: AHU: 240062374015C140160029; ACCU: 240062374025C090160039",Everest,"3 Tonner","AHU:240062374015C140160029 / ACCU:240062374025C090160039",1,71500.00,71500.00,71500.00,"Marked: RPCPPE 2025 submitted to Accounting (2026-04-13) | RPCPPE_2025_LIST"
19388,14,1.06.05.020.00,"3T, inverter, floor-mounted; split type, with free installation Outdoor SN: 540N305440244170860006; BOSTON BAY - MFJ-36CRDN1R32-NR SN Indoor: 540N306130141110810047","BOSTON BAY",MFJ-36CRDN1R32-NR,540N305440244170860006,1,114770.00,114770.00,114770.00,"Marked: RPCPPE 2025 submitted to Accounting (2026-04-13) | RPCPPE_2025_LIST"
19389,14,1.06.05.020.00,"3T; inverter; floor-mounted; split type
Outdoor Model: AC036BXPDKC, SN: BPQEP3CY700132D; SAMSUNG - AC036BNPDKC Indoor SN: BPQDP3EY700080L",SAMSUNG,AC036BXPDKC,BPQEP3CY700132D,1,103250.00,103250.00,103250.00,"Marked: RPCPPE 2025 submitted to Accounting (2026-04-13) | RPCPPE_2025_LIST"
19390,14,1.06.05.020.00,"2.5HP; inverter; split type; wall mounted; Outdoor SN: 121202AHCNW16252D000028; TCL - TAC-24CSA/BEI; Indoor SN: 121201AHCMN25252A000115",TCL,TAC-24CSA/BEI,121202AHCNW16252D000028,1,65940.00,65940.00,65940.00,"Marked: RPCPPE 2025 submitted to Accounting (2026-04-13) | RPCPPE_2025_LIST"
19391,14,1.06.05.020.00,"2.5HP; inverter; split type; wall mounted- Gray; TCL - TAC-24CSA/BEI SN: 121201AHCMN25252A000098",TCL,TAC-24CSA/BEI,121201AHCMN25252A000098,1,65940.00,65940.00,65940.00,"Marked: RPCPPE 2025 submitted to Accounting (2026-04-13) | RPCPPE_2025_LIST"
19392,14,1.06.05.020.00,"2.5HP; inverter; split type; wall mounted- Gray; TCL - TAC-24CSA/BEI SN:  121201AHCMN25252A000056",TCL,TAC-24CSA/BEI,121201AHCMN25252A000056,1,65940.00,65940.00,65940.00,"Marked: RPCPPE 2025 submitted to Accounting (2026-04-13) | RPCPPE_2025_LIST"
19393,14,1.06.05.020.00,"2.5HP; inverter; split type; wall mounted; TCL - TAC-24CSA/BEI SN: 121201AHCMN25252A000046",TCL,TAC-24CSA/BEI,121201AHCMN25252A000046,1,65940.00,65940.00,65940.00,"Marked: RPCPPE 2025 submitted to Accounting (2026-04-13) | RPCPPE_2025_LIST"
19394,14,1.06.05.020.00,"2.5HP; inverter; split type; wall mounted; TCL - TAC-24CSA/BEI SN: 121201AHCMN25252A000182",TCL,TAC-24CSA/BEI,121201AHCMN25252A000182,1,65940.00,65940.00,65940.00,"Marked: RPCPPE 2025 submitted to Accounting (2026-04-13) | RPCPPE_2025_LIST"
