id,property_number,total,serial_no,item_description
18705,2025-01-00.000-0002-032,52000.00,,"Origin: Italy"
18803,2025-01-00.000-0003-013,126500.00,,"16 Bit Micro Controller 80C 196 KC Emulation"
18806,2025-01-00.000-0004-013,135000.00,,"ETS 7000"
18828,2025-01-00.000-0004-032,233500.00,1105683.24,"Origin: Italy: DL 1893; SN: 1105683.24"
18833,2025-01-00.000-0006-032,345000.00,,"Max 3D Printer; Createbot w/ accs."
19403,2025-01-00.000-0171-000,55000.00,902,"Rubinair 3/4HP M-15142; S/N: 902"
19407,2025-01-00.000-0173-000,90000.00,"16213 (Taiwan)","3HP M-IM525B SN:16213 (Taiwan)"
19414,2025-01-00.000-0039-021,80000.00,,
19415,2025-01-00.000-0040-021,130000.00,,"manually operated (for bending & pressing machine)"
19416,2025-01-00.000-0041-021,90000.00,,"Direct Reading USA"
19419,2001-01-00.000-0001-021,200000.00,,USA
19420,2025-01-00.000-0044-021,225000.00,,"Electro-Mechanical Rotary"
19424,2025-01-00.000-0178-000,136000.00,0482,"Model:lg-650; S/N:0482"
19433,2025-01-00.000-0035-032,657000.00,1201317.6,"for rotating Electric Machines; DL: 10280; SN: 1201317.6"
19434,2025-01-00.000-0036-032,464000.00,1301236.2,"Origin: Italy; DL 100616; SN: 1301236.2"
19435,2025-01-00.000-0037-032,342000.00,1303798.6,"Origin: Italy; DL 10060N; SN: 1303798.6"
19436,2025-01-00.000-0038-032,217500.00,1303276.20,"Origin: Italy; DL 10283; SN: 1303276.20"
19437,2025-01-00.000-0039-032,76000.00,1601301.1,"Origin: Italy DL 10100; SN: 1601301.1"
19438,2025-01-00.000-0040-032,190500.00,1500742.3,"Origin: Italy: DL: 10125; SN: 1500742.3."
19440,2025-01-00.000-0042-032,326500.00,1401230.11,"Origin: Italy: DL 10300A; SN: 1401230.11"
19441,2025-01-00.000-0043-032,127500.00,,"Origin: Italy"
19443,2025-01-00.000-0045-032,421500.00,1203954.4,"Origin: Italy: DL 10050; SN: 1203954.4"
19447,2025-01-00.000-0047-032,175000.00,,(UsewIndia)
19448,2025-01-00.000-0048-032,250000.00,"10181810 with 1 unit Motorized Antenna Unit","Scientech SN: 10181810 with 1 unit Motorized Antenna Unit; SCIENCETECH 2261A; SN: 1018487"
19604,2016-01-00.000-0001-000,100000.00,,"with Chairs 80""x36""x36"""
19605,2025-01-00.000-0195-000,100000.00,,"with Chairs 80""x36""x36"""
19606,2025-01-00.000-0196-000,100000.00,,"with Chairs 80""x36""x36"""
19607,2025-01-00.000-0197-000,100000.00,,"with Chairs 80""x36""x36"""
19608,2025-01-00.000-0198-000,70000.00,,"with sink , Dimension 49"" L x 24"" W x 36"" H"
19609,2025-01-00.000-0199-000,70000.00,,"with sink , Dimension 49"" L x 24"" W x 36"" H"
19610,2025-01-00.000-0050-032,770991.00,10169,"Model: KX1S-SEIG, CNC with Transparent shield, SN: 10169"
19611,2025-01-00.000-0051-032,205000.00,,"FM 100F"
19612,2025-01-00.000-0052-032,150000.00,,"FM 02"
19613,2025-01-00.000-0053-032,240000.00,,FM17
19614,2025-01-00.000-0054-032,105000.00,,FM08A
19615,2025-01-00.000-0055-032,280000.00,,FM03
19616,2025-01-00.000-0056-032,310000.00,,FM18
19617,2025-01-00.000-0057-032,217000.00,,FM23
19618,2025-01-00.000-0058-032,212000.00,,FM04
19619,2025-01-00.000-0200-000,586000.00,K625300164,"Kjeldal Analyzer( Hano Instruments) Model: K9860; SN: K625300164"
19620,2025-01-00.000-0201-000,248000.00,SX425300170,"(FAT ANALYZER) SOX406; Model: K9860; SN: SX425300170"
19621,2025-01-00.000-0202-000,250000.00,HK00021013,"Biobase; Model: BWA-6; SN: HK00021013"
19622,2025-01-00.000-0203-000,240000.00,,"Model: DV-1+PRO NO SN:"
19623,2025-01-00.000-0204-000,508000.00,F225280069,"Brand: Hanon SN: F225280069"
19624,2025-01-00.000-0205-000,185000.00,BKQB1001121025005,"Biobase Model: BKQ-B100II; SN: BKQB1001121025005"
19625,2025-01-00.000-0206-000,135000.00,S21P112-01,"Digital Model: DMF-03 SN: S21P112-01"
19626,2025-01-00.000-0207-000,94000.00,11159278,"PCE-CSM 1, Brand: PCE SN: 11159278"
19627,2025-01-00.000-0208-000,235000.00,T8625280097,"Brand: Biobase, Model: BK-PT860, SN: T8625280097"
19628,2020-01-00.000-0001-000,75200.00,11005240177,"Brand: HANNA Model: HI5221-02 SN: 11005240177"
19629,2025-01-00.000-0209-000,63995.00,2100071,"Brand: Opto Edu; Model: A12.6603-T SN: 2100071"
19630,2025-01-00.000-0210-000,170000.00,D207304176,"Brand: Shimadzu; Model: MOC-120H SN: D207304176"
19631,2025-01-00.000-0211-000,225000.00,"SN: FH10C2010002","Brand Biobasse; Model: FH1000 SN: SN: FH10C2010002"
19632,2025-01-00.000-0212-000,296000.00,"2102700 SN: 2102699","Brand: Biobase MODEL: 8JPX-H2300ii; SN: 2102700 SN: 2102699"
19633,2025-01-00.000-0213-000,275000.00,"PL029451 (S21P112-02)","Vertical; Brand: Humanlab; Model: DWB-22 SN: PL029451 (S21P112-02)"
19634,2025-01-00.000-0214-000,57000.00,C21P112-03,"Inner Tank; Brand: Humanlab; Model: DWB-22 SN: C21P112-03"
19635,2025-01-00.000-0215-000,75000.00,D326000332,"Brand: Shimadzu; Model: ATX224 SN: D326000332"
19636,2025-01-00.000-0216-000,75000.00,D326000319,"Brand: Shimadzu; Model: ATX224 SN: D326000319"
19637,2025-01-00.000-0217-000,135000.00,S21P112-04,"Mini Centrifuge; Brand: Humanlab; Model Smart-13 SN: S21P112-04"
19638,2025-01-00.000-0219-000,328000.00,FMH1800DP24102033HBKY1,"SCITEK (FMH-1800DP) SN: FMH1800DP24102033HBKY1"
19639,2024-01-00.000-0001-000,395463.00,,"Brookfield: 1 set-Brookfield Cat. No. TA-TPB three-point bend assembly
1 set-Brookfield Cat. No. TA-NFT noodle test fixture
1 set-Brookfield Cat. No. TA-SF Spreadability (5 cones)"
19643,2025-01-00.000-0045-021,4900000.00,"2420434P00961 SN:2420434P01552 SN:2410772P00551 SN:2420434P01501 SN:2410772P01260 SN:2420434P00576 -VR Headset (6 units) Oculus Quest 2 SN: 1WMVR4B2L62112 SN: 1WMVR4B6652215 SN: 1WMVR4B32B2174 SN: 1WM","1. AR VR Web Platform
2. VR ApplicationB49:BB49:B116
3. VR Ready Desktop (6 units)
-Intel Core I7 10400 or up
-GTX1660 or up
-VR Ready Motherboard
-8GB RAM
-256gb NVME M.2
-650watss full Modular
4. Accessories and Other
-6 units 55"" Smart TV; Skyworth; SW-22SA NF;
SN:2420434P00961
SN:2420434P01552
SN:2410772P00551
SN:2420434P01501
SN:2410772P01260
SN:2420434P00576
-VR Headset (6 units) Oculus Quest 2
SN: 1WMVR4B2L62112
SN: 1WMVR4B6652215
SN: 1WMVR4B32B2174
SN: 1WMVR4BA3B2206
SN: 1WMVR4D1CJ2216
SN: 1WMVR4B1462175
AR Tablets (40 units) XIAOMI MI Pad 5
SN: 35875/Q3S900770
SN: 35875/Q3QK00755
SN: 35875/Q3QK00738
SN: 35875/Q3QK00774
SN: 35874/Q3RT01239
SN: 35875/Q3QK00757
SN: 35875/Q3S900710
SN: 35875/Q3S900681
SN: 35875/Q3S900717
SN: 35875/Q3S900720
SN: 35874/Q3RT01170
SN: 35875/Q3S900714
SN: 35874/Q3RT01162
SN: 35874/Q3RT01214
SN: 35874/Q3RT01162
SN: 35874/Q3RT01214
SN: 35875/QRS900252
SN: 35875/Q3S900448
SN: 35875/Q3S900708
SN: 35875/Q3QK00584
SN: 35875/Q3RT01227
SN: 35875/Q3QK00684
SN: 35874/Q3RT01223
SN: 35874/Q3RT01242
SN: 35875/Q3QK00781
SN: 35875/Q3QK00719
SN: 35875/Q3S900834
SN: 35875/Q3S900259
SN: 35874/Q3RT01183
SN: 35874/Q3RT01199
SN: 35875/Q3QK00762
SN: 35874/Q3RT01217
SN: 35874/Q3RT01240
SN: 35875/Q3QK00758
SN: 35875/Q3S900719
SN: 35875/Q3QK00779
SN: 35874/Q3RT01198
SN: 35875/Q3S900736
SN: 35875/Q3S900882
SN: 35875/Q3S900715
SN: 35875/Q3S900798
SN: 35875Q3S900246
-AR Maritime Application
-Air Conditioner (wall mounted Midea)
SN: 54122000E8B45210170094"
19644,2025-01-00.000-0218-000,4422998.00,MY24259001,"AGILENT (4210 MP-AES) SN: MY24259001; Microwave Plasma - Atomic Emission Spectrometer with complete accessories; AGILENT (MOLAVE)
-Sample Gas Introduction
-Plasma Generator
-Optical System
-Detector
Accessories Includes:
* 1pc. 5-Channel Pump Upgrade; SN: MY2421MQE1
*1pc. Multimode Sample Introduction System; SN: SH5127350
*1pc. Optics Purge Kit; SN: MY2412MR12
*1pc. MP Expert Pro Pack; SN: USH4895767
*1pc. Nitrogen Generator; SN: CN23510008
*3 units of Easy Fit Torc for MP-AES 4210; SN: AU24173112, AU24173118, AU24153028
*2 units of pump Tubing, PVC, White/white tabs
*2 units of pump tubing, PVC, blue/blue tabs
*1 pack of pump tubes, PVC, black/black, 12/pack
*1 pack of pump tubes, PVC, black/white 12/pack
*1 pc. replacement on board Argon Bottle
*1 pc. Inlet filter kit -4107 N2 Generator
*1 pc. Wavelength Calibration Solution( 5ppm, 100mL)
*1 set of Computer/Printer/MS Office
-Desktop Computer; Acer;VX2710G; Intel Core i5-13400; 8gb DDR4 RAM; 512gb SSD + 1 TB M.2 PCIe SSD; 21.5"" Monitor; SN: DTVY3SP04F409003399600; Monitor SN: MMTX5SP003424030B02X00
-Printer; Epson; L5290; SN:X8H5211012
*1 unit of Air Compressor, Refrigerated Dryer, and Filter; HITACHI
*1 unit Exhaust System/Ductwork
*1 unit UPS 10KVA with built-in AVR; PowerCom UPS 10KVA; SN: CTB1010-240326003
*1 bottle Wavelength Calibration solution"
19787,2025-01-00.000-0220-000,391075.00,,"Output (25C): 15L/H, Flowrate: Up to 2 L/min (with pressure tank), Pure Water Outlet: Type 2; reverse osmosis and deionized water; Particle <1/ml"
19815,2025-01-00.000-0002-088,265050.00,BKQB100II24105028,"Capacity: 100L; LED Display; Chamber Material: SUS304; External Size (WxDxH): Manufactorer's Standard 550x640x1270; BIOBASE - BKQ-B100II SN: BKQB100II24105028"
19817,2025-01-00.000-0222-000,175500.00,"C 202502","Inclusions: 1 Microscope Camera: Ultra HD 4K HDMI/USB Inoe Model: HX4K-16A SN: C 202502; 1 Desktop Computer: 12th Gen Intel Core i5, 8GB RAM, 512GB M.2 NVMe SSD, PCX system unit case, monitor 22"" AOPEN with 650VA UPS (secure)
Inoe-BE410NT SN: G2025010032"
19820,2025-01-00.000-0003-088,139221.00,IFTSH241030001,"External Size (WxDxH)(mm): 1050x805x1950; Internal Size (WxDxH)(mm): 950x490x574; Control System: microprocessor controller with LCD display, graphical and digital display of the operating status of each function. Materials: Main Body: Electro-galvanized steel with antimicrobial Power Coating. Work Zone: Stainless Steel, grade 304; Infitek - LCB-H3F SN: IFTSH241030001"
19821,2025-01-00.000-0004-088,78957.00,IFTXY241030001,"Table top with max capacity: 5mlx10. Max Speed: 16000r/min. Time Setting: 1min-99min. External size (WxDxH) (mm): 310x230x240. Self-locking device, over-speed safety device, and automatic alarm device. Power Supply: 220V, 60Hz ; Infitek - CFG-16B SN: IFTXY241030001"
19822,2025-01-00.000-0221-000,171000.00,D401410196,"with complete accessories including 1 set of standard test weights. Capacity:8200g; with calibration set for Analytical Balances, Class E2- 6pcs, 1x100mg, 1x10g, 2x20g, 1x50g, 1x100g. Includes: protective case, tweezers, dust brush and cleaning cloth, 1 pack of weight boat, white, 20ml, 45x45mm, square, 500/pk, 1 pack of weigh boat, white, 250ml, 140 x 140mm, square, 500/pk; Shimadzu - UP8201X (ASIA) SN: D401410196"
19824,2025-01-00.000-0223-000,120000.00,,"Constant temperature heating. chamber volume: 88L. Certification/Compliance: CE Marked. Controller System: Microprocessor control with vacuum fluorescent display. Chamber Material: Corrosion-resistant stainless-steel chamber (SUS 304). Dimensions: (WxHxD) in inches Chamber- 19.69x14.33x19.60 inches/500x364x500mm. Exterior- 24x30x23? 2inches. Accessories includes No. of shelves: at least 4 perforated stainless-steel shelves; BIOBASE - BJPX-H88BK(D)"
19825,2025-01-00.000-0224-000,124164.48,JH241AA0000076,"Work plate dimension: ?134mm; Work plate material: Aluminum with ceramic coating; Motor type: Brushless DC motor; Dimension (WxDxH): at least 564x523x127mm; BIOBASE - MS-H280-S6 SN: JH241AA0000076"
19831,2025-01-00.000-0225-000,327500.00,,"with accessories & blender bags, Optimal Blending volume: 400ml, Power: 220V, all stainless steel with AVR
1 security drip tray, 1 power cable, 1box of blender bags with full page filter (500pcs/box), 1 bag opener, 1 bag rack (can hold 10 bags) Interscience"
19835,2025-01-00.000-0227-000,77500.00,,"fabricated, suitable for a Human Lab Digital Muffle Furnace, Industrial type and ducted with electronic and speed control, finish type: stainless steel; Model: DMF-03"
19836,2025-01-00.000-0228-000,170500.00,116066,"pH Range: -2.00 to 16.00pH, 1000mV
pH Calibration: up to 5 points
pH Temperature Compensation: ATC -5.0 to 100 0c; 23.0 to 212.0F
with additional probes:
Electrical Conductivity
Total Dissolved Solids
Salinity
Dissolved Oxygen
Additional Specifications
Connectivity: 1 micro-USB port for charging and PC connectivity, 1 USB port storage
pH kit includes:
Glass body, refillable pH 4 buffer solutions, at least 2 sachets of pH 4 buffer solutions, at least 2 sachets of pH 7 buffer solutions, at least 2 sachets of pH 10 buffer solutions, electrode cleaning solutions, USB cable, benchtop docking station with electrode holder, all mount cradle, 5 VDC power adapter, instruction manual and quality certificate
HI163100 SN: 116066; Hanna Model:  HI11310 SN: CC9181AE"
19841,2025-01-00.000-0229-000,146600.00,D326008231,"Compatible with Velp Scientifica Oxitest, 
Capacity at least 220g, 
Readability 0.1mg, Linearity 0.2mg, 
With RS232 connector
With Calibration Set :w/ Class M2 Test Weights: 10mg, 100mg. 1g, 10g. 100g includes protective case, tweezer, dust brush and cleaning cloth.
1 pack of weight boat, white, 20ml, 45x45mm, square, 500=/pk
1pack of weight boat, white, 250ml, 140x140mm, square 500/pk; Shimadzu - ATX224R SN: D326008231"
20600,"2018-01-05-140-019 (1)",59250.00,,"Distribution Switches; 1 x switch, 24-port Gigabit Ethernet SN:"
20601,"2018-01-05-140-019 (2)",59250.00,,"Distribution Switches; 1 x switch, 24-port Gigabit Ethernet SN:"
20602,"2018-01-05-140-019 (3)",59250.00,,"Distribution Switches; 1 x switch, 24-port Gigabit Ethernet SN:"
20603,"2018-01-05-140-019 (4)",59250.00,,"Distribution Switches; 1 x switch, 24-port Gigabit Ethernet SN:"
20604,"2018-01-05-140-019 (5)",59250.00,,"Distribution Switches; 1 x switch, 24-port Gigabit Ethernet SN:"
20605,"2018-01-05-140-019 (6)",59250.00,,"Distribution Switches; 1 x switch, 24-port Gigabit Ethernet SN:"
20606,"2018-01-05-140-019 (7)",59250.00,,"Distribution Switches; 1 x switch, 24-port Gigabit Ethernet SN:"
20613,2018-01-05-140-025,175000.00,,"Integrated Service Router; with unified communication, 1 x intergrated Service Router, with 8x5 NBD"
20614,"2018-01-05-140-022 (1)",199700.00,,"Data Center Rack, 42U; 1 x Data Center rack, 42U, 800mm (W) x 1070mm (D), 2 x Power distribution unit, Basic, OU, 16A, IEC309 input, 20 x C13, 4 x C19 outlets, EIA-310D, IEC-60297-2"
20615,"2018-01-05-140-022 (2)",199700.00,,"Data Center Rack, 42U; 1 x Data Center rack, 42U, 800mm (W) x 1070mm (D), 2 x Power distribution unit, Basic, OU, 16A, IEC309 input, 20 x C13, 4 x C19 outlets, EIA-310D, IEC-60297-2"
20616,2018-01-05-140-022,200000.00,,"Network attached storage; 1 x Network attached storage Appliance, 1 x 16GB RAM Module, 4 x 4TB Enterprise, Capacity HDD, 1 x sliding Railing Kit, Intel"
20617,2018-01-05-140-015,260000.00,,"Printer; MFP -HP Design jet 36"""
20618,2018-01-05-140-014,345000.00,,"3D printer; Max 3D Printer; Createbot w/ accs."
20619,2018-01-05-140-023,400000.00,,"Uninterruptible Power Supply; 16.0 Kwatts/20.0 kVA Output power, capacity, 16.0KWatts/20.0 kVA Max"
20620,"2018-01-05-140-021 (1)",500000.00,,"Server with Virtualization,; 1U Rackmount; 1 x server with virtualization, 1U Rackmountable"
20621,"2018-01-05-140-021 (2)",500000.00,,"Server with Virtualization,; 1U Rackmount; 1 x server with virtualization, 1U Rackmountable"
20622,2018-01-05-140-028,500000.00,,"Environemental Monitoring System for Data Center and Automation; 1 x Server, Medium Enterprise"
20623,2018-01-05-140-029,605000.00,,"Hot-spots for students; CPU: Atheros AR7241 400MHz Network"
20624,2018-01-05-140-024,800000.00,,"Generator Set with Automatic transfer Switch; 20KVA, 240V, 3-phase"
20625,2018-01-05-140-021A,2500000.00,,"Fiber Optic Cabling; 2000 Meters, 8 Core"
